Time,Sample number,Temperature (°C),Humidity (%RH),Sensor response (Ohm),PM response,Temperature MFC (°C),Nanofiber current (mA),Nanofiber voltage (V)
2020-07-10 17:37:57.947714,0,20.9,25.5,,,22.35,00.0001E-03,-04.096E+00
2020-07-10 17:37:58.157904,1,20.9,25.5,,,22.35,00.0001E-03,-04.096E+00
2020-07-10 17:37:58.419377,2,20.9,25.5,,,22.35,00.0001E-03,-04.096E+00
2020-07-10 17:37:58.685144,3,20.9,25.5,,,22.35,00.0001E-03,-04.096E+00
2020-07-10 17:37:58.919590,4,20.9,25.5,,,22.35,00.0001E-03,-04.096E+00
2020-07-10 17:37:59.185559,5,20.9,25.5,,,22.35,00.0001E-03,-04.096E+00
2020-07-10 17:37:59.438968,6,20.9,25.5,,,22.35,00.0001E-03,-04.096E+00
2020-07-10 17:37:59.710531,7,20.9,25.5,,,22.35,00.0001E-03,-04.096E+00
2020-07-10 17:37:59.958945,8,20.9,25.5,,,22.35,00.0001E-03,-04.096E+00
2020-07-10 17:38:00.222790,9,20.9,25.5,,,22.35,00.0001E-03,-04.096E+00
2020-07-10 17:38:00.429791,10,20.9,25.5,,,22.35,00.0001E-03,-04.096E+00
2020-07-10 17:38:00.689624,11,20.9,25.5,,,22.35,00.0001E-03,-04.096E+00
2020-07-10 17:38:00.928391,12,20.9,25.5,,,22.36,00.0001E-03,-04.096E+00
2020-07-10 17:38:01.176124,13,20.9,25.5,,,22.35,00.0001E-03,-04.096E+00
2020-07-10 17:38:01.463312,14,20.9,25.5,,,22.36,00.0001E-03,-04.096E+00
2020-07-10 17:38:01.703348,15,20.9,25.5,,,22.35,00.0001E-03,-04.096E+00
2020-07-10 17:38:01.973291,16,20.9,25.5,,,22.35,00.0001E-03,-04.096E+00
2020-07-10 17:38:02.202183,17,20.9,25.5,,,22.36,00.0001E-03,-04.096E+00
2020-07-10 17:38:02.473684,18,20.9,25.5,,,22.36,00.0001E-03,-04.096E+00
2020-07-10 17:38:02.707170,19,20.9,25.5,,,22.36,00.0001E-03,-04.096E+00
2020-07-10 17:38:02.970946,20,20.9,25.5,,,22.36,00.0001E-03,-04.096E+00
2020-07-10 17:38:03.201521,21,20.9,25.5,,,22.36,00.0001E-03,-04.096E+00
2020-07-10 17:38:03.473306,22,20.9,25.5,,,22.36,00.0001E-03,-04.096E+00
2020-07-10 17:38:03.712990,23,20.9,25.5,,,22.36,00.0001E-03,-04.096E+00
2020-07-10 17:38:03.948961,24,20.9,25.5,,,22.36,00.0001E-03,-04.096E+00
2020-07-10 17:38:04.277597,25,20.9,25.5,,,22.36,00.0001E-03,-04.096E+00
2020-07-10 17:38:04.439966,26,20.9,25.5,,,22.36,00.0001E-03,-04.096E+00
2020-07-10 17:38:04.714255,27,20.9,25.5,,,22.36,00.0001E-03,-04.096E+00
2020-07-10 17:38:04.946823,28,20.9,25.5,,,22.36,00.0001E-03,-04.096E+00
2020-07-10 17:38:05.210583,29,20.9,25.5,,,22.36,00.0001E-03,-04.096E+00
2020-07-10 17:38:05.475653,30,20.9,25.5,,,22.36,00.0001E-03,-04.096E+00
2020-07-10 17:38:05.719654,31,20.9,25.5,,,22.36,00.0001E-03,-04.096E+00
2020-07-10 17:38:05.943267,32,20.9,25.5,,,22.36,00.0001E-03,-04.096E+00
2020-07-10 17:38:06.223240,33,20.9,25.5,,,22.36,00.0001E-03,-04.096E+00
2020-07-10 17:38:06.488370,34,20.9,25.5,,,22.36,00.0001E-03,-04.096E+00
2020-07-10 17:38:06.686310,35,20.9,25.5,,,22.36,00.0001E-03,-04.096E+00
2020-07-10 17:38:06.991605,36,20.9,25.5,,,22.36,00.0001E-03,-04.096E+00
2020-07-10 17:38:07.221264,37,20.9,25.5,,,22.36,00.0001E-03,-04.096E+00
2020-07-10 17:38:07.452785,38,20.9,25.5,,,22.36,00.0001E-03,-04.096E+00
2020-07-10 17:38:07.699336,39,20.9,25.5,,,22.36,00.0001E-03,-04.096E+00
2020-07-10 17:38:07.946373,40,20.9,25.5,,,22.36,00.0001E-03,-04.096E+00
2020-07-10 17:38:08.206133,41,20.9,25.5,,,22.36,00.0001E-03,-04.096E+00
2020-07-10 17:38:08.496434,42,20.9,25.5,,,22.36,00.0001E-03,-04.096E+00
2020-07-10 17:38:08.750677,43,20.9,25.5,,,22.36,00.0001E-03,-04.096E+00
2020-07-10 17:38:08.979824,44,20.9,25.5,,,22.36,00.0001E-03,-04.096E+00
2020-07-10 17:38:09.251054,45,20.9,25.5,,,22.37,00.0001E-03,-04.096E+00
2020-07-10 17:38:09.446851,46,20.9,25.5,,,22.37,00.0001E-03,-04.096E+00
2020-07-10 17:38:09.733268,47,20.9,25.5,,,22.37,00.0001E-03,-04.096E+00
2020-07-10 17:38:09.984032,48,20.9,25.5,,,22.37,00.0001E-03,-04.096E+00
2020-07-10 17:38:10.217785,49,20.9,25.5,,,22.37,00.0006E-03,-04.096E+00
2020-07-10 17:38:10.467574,50,20.9,25.5,,,22.37,00.0008E-03,-04.096E+00
2020-07-10 17:38:10.743154,51,20.9,25.5,,,22.37,00.0001E-03,-04.096E+00
2020-07-10 17:38:10.966430,52,20.9,25.5,,,22.37,00.0001E-03,-04.096E+00
2020-07-10 17:38:11.228809,53,20.9,25.5,,,22.37,00.0001E-03,-04.096E+00
2020-07-10 17:38:11.509306,54,20.9,25.5,,,22.37,00.0001E-03,-04.096E+00
2020-07-10 17:38:11.712093,55,20.9,25.5,,,22.37,00.0008E-03,-04.096E+00
2020-07-10 17:38:11.992747,56,20.9,25.5,,,22.37,00.0001E-03,-04.096E+00
2020-07-10 17:38:12.238981,57,20.9,25.5,,,22.37,00.0001E-03,-04.096E+00
2020-07-10 17:38:12.472939,58,20.9,25.5,,,22.37,00.0001E-03,-04.096E+00
2020-07-10 17:38:12.717008,59,20.9,25.5,,,22.37,00.0001E-03,-04.096E+00
2020-07-10 17:38:12.968374,60,20.9,25.5,,,22.37,00.0006E-03,-04.096E+00
2020-07-10 17:38:13.248431,61,20.9,25.5,,,22.37,00.0006E-03,-04.096E+00
2020-07-10 17:38:13.498362,62,20.9,25.5,,,22.37,00.0006E-03,-04.096E+00
2020-07-10 17:38:13.766372,63,20.9,25.5,,,22.37,00.0001E-03,-04.096E+00
2020-07-10 17:38:13.977042,64,20.9,25.5,,,22.37,00.0006E-03,-04.096E+00
2020-07-10 17:38:14.232107,65,20.9,25.5,,,22.37,00.0001E-03,-04.096E+00
2020-07-10 17:38:14.464924,66,20.9,25.5,,,22.37,00.0001E-03,-04.096E+00
2020-07-10 17:38:14.712633,67,20.9,25.5,,,22.37,00.0006E-03,-04.096E+00
2020-07-10 17:38:15.016949,68,20.9,25.5,,,22.37,00.0006E-03,-04.096E+00
2020-07-10 17:38:15.226526,69,20.9,25.5,,,22.37,00.0001E-03,-04.096E+00
2020-07-10 17:38:15.489478,70,20.9,25.5,,,22.37,00.0006E-03,-04.096E+00
2020-07-10 17:38:15.744616,71,20.9,25.5,,,22.37,00.0008E-03,-04.096E+00
2020-07-10 17:38:16.004553,72,20.9,25.5,,,22.37,00.0001E-03,-04.096E+00
2020-07-10 17:38:16.220058,73,20.9,25.5,,,22.37,00.0001E-03,-04.096E+00
2020-07-10 17:38:16.542370,74,20.9,25.4,,,22.37,00.0001E-03,-04.096E+00
2020-07-10 17:38:16.746463,75,20.9,25.4,,,22.37,00.0001E-03,-04.096E+00
2020-07-10 17:38:16.999894,76,20.9,25.4,,,22.38,00.0001E-03,-04.096E+00
2020-07-10 17:38:17.256793,77,20.9,25.4,,,22.38,00.0008E-03,-04.096E+00
2020-07-10 17:38:17.465291,78,20.9,25.4,,,22.38,00.0001E-03,-04.096E+00
2020-07-10 17:38:17.773642,79,20.9,25.4,,,22.38,00.0001E-03,-04.096E+00
2020-07-10 17:38:17.982762,80,20.9,25.4,,,22.38,00.0001E-03,-04.096E+00
2020-07-10 17:38:18.278880,81,20.9,25.4,,,22.38,00.0006E-03,-04.096E+00
2020-07-10 17:38:18.484435,82,20.9,25.4,,,22.38,00.0001E-03,-04.096E+00
2020-07-10 17:38:18.788699,83,20.9,25.4,,,22.38,00.0001E-03,-04.096E+00
2020-07-10 17:38:18.975472,84,20.9,25.4,,,22.38,00.0001E-03,-04.096E+00
2020-07-10 17:38:19.262483,85,20.9,25.4,,,22.38,00.0006E-03,-04.096E+00
2020-07-10 17:38:19.475561,86,20.9,25.4,,,22.38,00.0008E-03,-04.096E+00
2020-07-10 17:38:19.732649,87,20.9,25.4,,,22.38,00.0001E-03,-04.096E+00
2020-07-10 17:38:20.013839,88,20.9,25.4,,,22.38,00.0008E-03,-04.096E+00
2020-07-10 17:38:20.251112,89,20.9,25.4,,,22.38,00.0001E-03,-04.096E+00
2020-07-10 17:38:20.532447,90,20.9,25.4,,,22.38,00.0001E-03,-04.096E+00
2020-07-10 17:38:20.756007,91,20.9,25.4,,,22.38,00.0001E-03,-04.096E+00
2020-07-10 17:38:21.095248,92,20.9,25.4,,,22.38,00.0006E-03,-04.096E+00
2020-07-10 17:38:21.267277,93,20.9,25.4,,,22.38,00.0006E-03,-04.096E+00
2020-07-10 17:38:21.526592,94,20.9,25.4,,,22.38,00.0006E-03,-04.096E+00
2020-07-10 17:38:21.762570,95,20.9,25.4,,,22.38,00.0001E-03,-04.096E+00
2020-07-10 17:38:22.039957,96,20.9,25.4,,,22.38,00.0006E-03,-04.096E+00
2020-07-10 17:38:22.271538,97,20.9,25.4,,,22.38,00.0008E-03,-04.096E+00
2020-07-10 17:38:22.486552,98,20.9,25.4,,,22.38,00.0001E-03,-04.096E+00
2020-07-10 17:38:22.791413,99,20.9,25.4,,,22.38,00.0006E-03,-04.096E+00
2020-07-10 17:38:23.008945,100,20.9,25.4,,,22.39,00.0006E-03,-04.096E+00
2020-07-10 17:38:23.266167,101,20.9,25.4,,,22.39,00.0001E-03,-04.096E+00
2020-07-10 17:38:23.530631,102,20.9,25.4,,,22.39,00.0008E-03,-04.096E+00
2020-07-10 17:38:23.766859,103,20.9,25.4,,,22.39,00.0008E-03,-04.096E+00
2020-07-10 17:38:23.994827,104,20.9,25.4,,,22.39,00.0001E-03,-04.096E+00
2020-07-10 17:38:24.314758,105,20.9,25.4,,,22.39,00.0001E-03,-04.096E+00
2020-07-10 17:38:24.513207,106,20.9,25.4,,,22.39,00.0001E-03,-04.096E+00
2020-07-10 17:38:24.774451,107,20.9,25.4,,,22.39,00.0001E-03,-04.096E+00
2020-07-10 17:38:25.046559,108,20.9,25.4,,,22.39,00.0001E-03,-04.096E+00
2020-07-10 17:38:25.295066,109,20.9,25.4,,,22.39,00.0001E-03,-04.096E+00
2020-07-10 17:38:25.526797,110,20.9,25.4,,,22.39,00.0001E-03,-04.096E+00
2020-07-10 17:38:25.825514,111,20.9,25.4,,,22.39,00.0006E-03,-04.096E+00
2020-07-10 17:38:25.998137,112,20.9,25.4,,,22.39,00.0006E-03,-04.096E+00
2020-07-10 17:38:26.253192,113,20.9,25.4,,,22.39,00.0001E-03,-04.096E+00
2020-07-10 17:38:26.542143,114,20.9,25.4,,,22.39,00.0006E-03,-04.096E+00
2020-07-10 17:38:26.777976,115,20.9,25.4,,,22.39,00.0001E-03,-04.096E+00
2020-07-10 17:38:27.020491,116,20.9,25.4,,,22.39,00.0001E-03,-04.096E+00
2020-07-10 17:38:27.304389,117,20.9,25.4,,,22.39,00.0008E-03,-04.096E+00
2020-07-10 17:38:27.543095,118,20.9,25.4,,,22.39,00.0001E-03,-04.096E+00
2020-07-10 17:38:27.782357,119,20.9,25.4,,,22.4,00.0001E-03,-04.096E+00
2020-07-10 17:38:28.037356,120,20.9,25.4,,,22.39,00.0001E-03,-04.096E+00
2020-07-10 17:38:28.246963,121,20.9,25.4,,,22.39,00.0008E-03,-04.096E+00
2020-07-10 17:38:28.509494,122,20.9,25.4,,,22.39,00.0001E-03,-04.096E+00
2020-07-10 17:38:28.811908,123,20.9,25.4,,,22.4,00.0001E-03,-04.096E+00
2020-07-10 17:38:29.007867,124,20.9,25.4,,,22.4,00.0006E-03,-04.096E+00
2020-07-10 17:38:29.270932,125,20.9,25.4,,,22.4,00.0006E-03,-04.096E+00
2020-07-10 17:38:29.516596,126,20.9,25.4,,,22.4,00.0001E-03,-04.096E+00
2020-07-10 17:38:29.787690,127,20.9,25.4,,,22.4,00.0001E-03,-04.096E+00
2020-07-10 17:38:30.022956,128,20.9,25.4,,,22.4,00.0001E-03,-04.096E+00
2020-07-10 17:38:30.283832,129,20.9,25.4,,,22.4,00.0006E-03,-04.096E+00
2020-07-10 17:38:30.540599,130,20.9,25.4,,,22.4,00.0001E-03,-04.096E+00
2020-07-10 17:38:30.825347,131,20.9,25.4,,,22.4,00.0001E-03,-04.096E+00
2020-07-10 17:38:31.052019,132,20.9,25.4,,,22.4,00.0006E-03,-04.096E+00
2020-07-10 17:38:31.287503,133,20.9,25.4,,,22.4,00.0001E-03,-04.096E+00
2020-07-10 17:38:31.551120,134,20.9,25.4,,,22.4,00.0001E-03,-04.096E+00
2020-07-10 17:38:31.789593,135,20.9,25.4,,,22.4,00.0001E-03,-04.096E+00
2020-07-10 17:38:32.048629,136,20.9,25.4,,,22.4,00.0001E-03,-04.096E+00
2020-07-10 17:38:32.272491,137,20.9,25.4,,,22.4,00.0001E-03,-04.096E+00
2020-07-10 17:38:32.569631,138,20.9,25.4,,,22.4,00.0006E-03,-04.096E+00
2020-07-10 17:38:32.827187,139,20.9,25.4,,,22.4,00.0001E-03,-04.096E+00
2020-07-10 17:38:33.016417,140,20.9,25.4,,,22.4,00.0001E-03,-04.096E+00
2020-07-10 17:38:33.349809,141,20.9,25.4,,,22.4,00.0001E-03,-04.096E+00
2020-07-10 17:38:33.509375,142,20.9,25.4,,,22.4,00.0006E-03,-04.096E+00
2020-07-10 17:38:33.800890,143,20.9,25.4,,,22.4,00.0001E-03,-04.096E+00
2020-07-10 17:38:34.057716,144,20.9,25.4,,,22.4,00.0001E-03,-04.096E+00
2020-07-10 17:38:34.293396,145,20.9,25.4,,,22.4,00.0001E-03,-04.096E+00
2020-07-10 17:38:34.529048,146,20.9,25.4,,,22.4,00.0001E-03,-04.096E+00
2020-07-10 17:38:34.797531,147,20.9,25.4,,,22.4,00.0006E-03,-04.096E+00
2020-07-10 17:38:35.051590,148,20.9,25.4,,,22.4,00.0001E-03,-04.096E+00
2020-07-10 17:38:35.291521,149,20.9,25.4,,,22.4,00.0001E-03,-04.096E+00
2020-07-10 17:38:35.582106,150,20.9,25.4,,,22.4,00.0001E-03,-04.096E+00
2020-07-10 17:38:35.768499,151,20.9,25.4,,,22.4,00.0001E-03,-04.096E+00
2020-07-10 17:38:36.063518,152,20.9,25.4,,,22.4,00.0001E-03,-04.096E+00
2020-07-10 17:38:36.305403,153,20.9,25.4,,,22.4,00.0006E-03,-04.096E+00
2020-07-10 17:38:36.534548,154,20.9,25.4,,,22.4,00.0001E-03,-04.096E+00
2020-07-10 17:38:36.831661,155,20.9,25.4,,,22.41,00.0001E-03,-04.096E+00
2020-07-10 17:38:37.038267,156,20.9,25.4,,,22.41,00.0001E-03,-04.096E+00
2020-07-10 17:38:37.328323,157,20.9,25.4,,,22.41,00.0001E-03,-04.096E+00
2020-07-10 17:38:37.536255,158,20.9,25.4,,,22.41,00.0001E-03,-04.096E+00
2020-07-10 17:38:37.862863,159,20.9,25.4,,,22.41,00.0001E-03,-04.096E+00
2020-07-10 17:38:38.031908,160,20.9,25.4,,,22.41,00.0001E-03,-04.096E+00
2020-07-10 17:38:38.282128,161,20.9,25.4,,,22.41,00.0006E-03,-04.096E+00
2020-07-10 17:38:38.533225,162,20.9,25.4,,,22.41,00.0001E-03,-04.096E+00
2020-07-10 17:38:38.786950,163,20.9,25.4,,,22.41,00.0001E-03,-04.096E+00
2020-07-10 17:38:39.037710,164,20.9,25.4,,,22.41,00.0001E-03,-04.096E+00
2020-07-10 17:38:39.279348,165,20.9,25.4,,,22.41,00.0006E-03,-04.096E+00
2020-07-10 17:38:39.548941,166,20.9,25.4,,,22.41,00.0001E-03,-04.096E+00
2020-07-10 17:38:39.790780,167,20.9,25.4,,,22.41,00.0001E-03,-04.096E+00
2020-07-10 17:38:40.064763,168,20.9,25.4,,,22.41,00.0001E-03,-04.096E+00
2020-07-10 17:38:40.293652,169,20.9,25.4,,,22.41,00.0001E-03,-04.096E+00
2020-07-10 17:38:40.567729,170,20.9,25.4,,,22.41,00.0001E-03,-04.096E+00
2020-07-10 17:38:40.795581,171,20.9,25.4,,,22.41,00.0001E-03,-04.096E+00
2020-07-10 17:38:41.076790,172,20.9,25.4,,,22.41,00.0001E-03,-04.096E+00
2020-07-10 17:38:41.293680,173,20.9,25.4,,,22.41,00.0001E-03,-04.096E+00
2020-07-10 17:38:41.533853,174,20.9,25.4,,,22.42,00.0001E-03,-04.096E+00
2020-07-10 17:38:41.797604,175,20.9,25.4,,,22.42,00.0001E-03,-04.096E+00
2020-07-10 17:38:42.042229,176,20.9,25.4,,,22.42,00.0001E-03,-04.096E+00
2020-07-10 17:38:42.307585,177,20.9,25.4,,,22.42,00.0001E-03,-04.096E+00
2020-07-10 17:38:42.563680,178,20.9,25.4,,,22.42,00.0001E-03,-04.096E+00
2020-07-10 17:38:42.824612,179,20.9,25.4,,,22.42,00.0001E-03,-04.096E+00
2020-07-10 17:38:43.056770,180,20.9,25.4,,,22.42,00.0001E-03,-04.096E+00
2020-07-10 17:38:43.290871,181,20.9,25.4,,,22.42,00.0001E-03,-04.096E+00
2020-07-10 17:38:43.547635,182,20.9,25.4,,,22.42,00.0001E-03,-04.096E+00
2020-07-10 17:38:43.795207,183,20.9,25.4,,,22.42,00.0001E-03,-04.096E+00
2020-07-10 17:38:44.059969,184,20.9,25.4,,,22.42,00.0001E-03,-04.096E+00
2020-07-10 17:38:44.296985,185,20.9,25.4,,,22.42,00.0001E-03,-04.096E+00
2020-07-10 17:38:44.572218,186,20.9,25.4,,,22.42,00.0001E-03,-04.096E+00
2020-07-10 17:38:44.801347,187,20.9,25.4,,,22.42,00.0001E-03,-04.096E+00
2020-07-10 17:38:45.084701,188,20.9,25.4,,,22.42,00.0001E-03,-04.096E+00
2020-07-10 17:38:45.296335,189,20.9,25.4,,,22.42,00.0001E-03,-04.096E+00
2020-07-10 17:38:45.556593,190,20.9,25.4,,,22.43,00.0001E-03,-04.096E+00
2020-07-10 17:38:45.807105,191,20.9,25.4,,,22.43,00.0001E-03,-04.096E+00
2020-07-10 17:38:46.053910,192,20.9,25.4,,,22.43,00.0001E-03,-04.096E+00
2020-07-10 17:38:46.311404,193,20.9,25.4,,,22.43,00.0001E-03,-04.096E+00
2020-07-10 17:38:46.566628,194,20.9,25.4,,,22.43,00.0001E-03,-04.096E+00
2020-07-10 17:38:46.826502,195,20.9,25.4,,,22.43,00.0001E-03,-04.096E+00
2020-07-10 17:38:47.065323,196,20.9,25.4,,,22.42,00.0001E-03,-04.096E+00
2020-07-10 17:38:47.340565,197,20.9,25.4,,,22.43,00.0001E-03,-04.096E+00
2020-07-10 17:38:47.564384,198,20.9,25.4,,,22.43,00.0001E-03,-04.096E+00
2020-07-10 17:38:47.811010,199,20.9,25.4,,,22.43,00.0001E-03,-04.096E+00
2020-07-10 17:38:48.070978,200,20.9,25.4,,,22.43,00.0001E-03,-04.096E+00
2020-07-10 17:38:48.304396,201,20.9,25.4,,,22.43,00.0001E-03,-04.096E+00
2020-07-10 17:38:48.576147,202,20.9,25.4,,,22.43,00.0001E-03,-04.096E+00
2020-07-10 17:38:48.817155,203,20.9,25.4,,,22.43,00.0001E-03,-04.096E+00
2020-07-10 17:38:49.086573,204,20.9,25.4,,,22.43,00.0001E-03,-04.096E+00
2020-07-10 17:38:49.315256,205,20.9,25.4,,,22.43,00.0001E-03,-04.096E+00
2020-07-10 17:38:49.593383,206,20.9,25.4,,,22.43,00.0001E-03,-04.096E+00
2020-07-10 17:38:49.817837,207,20.9,25.4,,,22.43,00.0001E-03,-04.096E+00
2020-07-10 17:38:50.101436,208,20.9,25.4,,,22.44,00.0001E-03,-04.096E+00
2020-07-10 17:38:50.312712,209,20.9,25.4,,,22.43,00.0001E-03,-04.096E+00
2020-07-10 17:38:50.570038,210,20.9,25.4,,,22.43,00.0001E-03,-04.096E+00
2020-07-10 17:38:50.827028,211,20.9,25.4,,,22.43,00.0001E-03,-04.096E+00
2020-07-10 17:38:51.077786,212,20.9,25.4,,,22.44,00.0001E-03,-04.096E+00
2020-07-10 17:38:51.337709,213,20.9,25.4,,,22.44,00.0001E-03,-04.096E+00
2020-07-10 17:38:51.573702,214,20.9,25.4,,,22.44,00.0001E-03,-04.096E+00
2020-07-10 17:38:51.841851,215,20.9,25.4,,,22.44,00.0001E-03,-04.096E+00
2020-07-10 17:38:52.082220,216,20.9,25.4,,,22.44,00.0001E-03,-04.096E+00
2020-07-10 17:38:52.321373,217,20.9,25.4,,,22.44,00.0001E-03,-04.096E+00
2020-07-10 17:38:52.589836,218,20.9,25.4,,,22.44,00.0001E-03,-04.096E+00
2020-07-10 17:38:52.825950,219,20.9,25.4,,,22.44,00.0001E-03,-04.096E+00
2020-07-10 17:38:53.078659,220,20.9,25.4,,,22.44,00.0001E-03,-04.096E+00
2020-07-10 17:38:53.337999,221,20.9,25.4,,,22.44,00.0001E-03,-04.096E+00
2020-07-10 17:38:53.590268,222,20.9,25.4,,,22.44,00.0001E-03,-04.096E+00
2020-07-10 17:38:53.830415,223,20.9,25.4,,,22.44,00.0001E-03,-04.096E+00
2020-07-10 17:38:54.104086,224,20.9,25.4,,,22.44,00.0001E-03,-04.096E+00
2020-07-10 17:38:54.326265,225,20.9,25.4,,,22.44,00.0001E-03,-04.096E+00
2020-07-10 17:38:54.668306,226,20.9,25.4,,,22.44,00.0001E-03,-04.096E+00
2020-07-10 17:38:54.833577,227,20.9,25.4,,,22.45,00.0001E-03,-04.096E+00
2020-07-10 17:38:55.086900,228,20.9,25.4,,,22.45,00.0001E-03,-04.096E+00
2020-07-10 17:38:55.334179,229,20.9,25.4,,,22.45,00.0001E-03,-04.096E+00
2020-07-10 17:38:55.579953,230,20.9,25.4,,,22.45,00.0001E-03,-04.096E+00
2020-07-10 17:38:55.842129,231,20.9,25.4,,,22.45,00.0001E-03,-04.096E+00
2020-07-10 17:38:56.089390,232,20.9,25.4,,,22.45,00.0001E-03,-04.096E+00
2020-07-10 17:38:56.351218,233,20.9,25.4,,,22.45,00.0001E-03,-04.096E+00
2020-07-10 17:38:56.588135,234,20.9,25.4,,,22.45,00.0001E-03,-04.096E+00
2020-07-10 17:38:56.868074,235,20.9,25.4,,,22.45,00.0001E-03,-04.096E+00
2020-07-10 17:38:57.105852,236,20.9,25.4,,,22.45,00.0001E-03,-04.096E+00
2020-07-10 17:38:57.335329,237,20.9,25.4,,,22.45,00.0001E-03,-04.096E+00
2020-07-10 17:38:57.591154,238,20.9,25.4,,,22.45,00.0001E-03,-04.096E+00
2020-07-10 17:38:57.839354,239,20.9,25.4,,,22.45,00.0001E-03,-04.096E+00
2020-07-10 17:38:58.097887,240,20.9,25.4,,,22.45,00.0001E-03,-04.096E+00
2020-07-10 17:38:58.339533,241,20.9,25.4,,,22.45,00.0001E-03,-04.096E+00
2020-07-10 17:38:58.614079,242,20.9,25.4,,,22.45,00.0001E-03,-04.096E+00
2020-07-10 17:38:58.865164,243,20.9,25.4,,,22.45,00.0001E-03,-04.096E+00
2020-07-10 17:38:59.129780,244,20.9,25.4,,,22.45,00.0001E-03,-04.096E+00
2020-07-10 17:38:59.339743,245,20.9,25.4,,,22.45,00.0001E-03,-04.096E+00
2020-07-10 17:38:59.599585,246,20.9,25.4,,,22.46,00.0001E-03,-04.096E+00
2020-07-10 17:38:59.842461,247,20.9,25.4,,,22.46,00.0001E-03,-04.096E+00
2020-07-10 17:39:00.104412,248,20.9,25.4,,,22.45,00.0001E-03,-04.096E+00
2020-07-10 17:39:00.359263,249,20.9,25.4,,,22.46,00.0001E-03,-04.096E+00
2020-07-10 17:39:00.602668,250,20.9,25.4,,,22.46,00.0001E-03,-04.096E+00
2020-07-10 17:39:00.879128,251,20.9,25.4,,,22.46,00.0001E-03,-04.096E+00
2020-07-10 17:39:01.107512,252,20.9,25.4,,,22.46,00.0001E-03,-04.096E+00
2020-07-10 17:39:01.380757,253,20.9,25.4,,,22.46,00.0001E-03,-04.096E+00
2020-07-10 17:39:01.602113,254,20.9,25.4,,,22.46,00.0001E-03,-04.096E+00
2020-07-10 17:39:01.844465,255,20.9,25.4,,,22.46,00.0001E-03,-04.096E+00
2020-07-10 17:39:02.097814,256,20.9,25.4,,,22.46,00.0001E-03,-04.096E+00
2020-07-10 17:39:02.348512,257,20.9,25.4,,,22.46,00.0001E-03,-04.096E+00
2020-07-10 17:39:02.611376,258,20.9,25.4,,,22.46,00.0001E-03,-04.096E+00
2020-07-10 17:39:02.853569,259,20.9,25.4,,,22.46,00.0001E-03,-04.096E+00
2020-07-10 17:39:03.122965,260,20.9,25.4,,,22.47,00.0001E-03,-04.096E+00
2020-07-10 17:39:03.349399,261,20.9,25.4,,,22.47,00.0001E-03,-04.096E+00
2020-07-10 17:39:03.623177,262,20.9,25.4,,,22.47,00.0001E-03,-04.096E+00
2020-07-10 17:39:03.851832,263,20.9,25.4,,,22.47,00.0001E-03,-04.096E+00
2020-07-10 17:39:04.139043,264,20.9,25.4,,,22.47,00.0001E-03,-04.096E+00
2020-07-10 17:39:04.356224,265,20.9,25.4,,,22.47,00.0001E-03,-04.096E+00
2020-07-10 17:39:04.649875,266,20.9,25.4,,,22.47,00.0001E-03,-04.096E+00
2020-07-10 17:39:04.853573,267,20.9,25.4,,,22.47,00.0001E-03,-04.096E+00
2020-07-10 17:39:05.119013,268,20.9,25.4,,,22.47,00.0001E-03,-04.096E+00
2020-07-10 17:39:05.371105,269,20.9,25.4,,,22.47,00.0001E-03,-04.096E+00
2020-07-10 17:39:05.610165,270,20.9,25.4,,,22.47,00.0001E-03,-04.096E+00
2020-07-10 17:39:05.873306,271,20.9,25.4,,,22.47,00.0001E-03,-04.096E+00
2020-07-10 17:39:06.119662,272,20.9,25.4,,,22.47,00.0001E-03,-04.096E+00
2020-07-10 17:39:06.386090,273,20.9,25.4,,,22.47,00.0001E-03,-04.096E+00
2020-07-10 17:39:06.615857,274,20.9,25.3,,,22.47,00.0001E-03,-04.096E+00
2020-07-10 17:39:06.898921,275,20.9,25.3,,,22.47,00.0001E-03,-04.096E+00
2020-07-10 17:39:07.118659,276,20.9,25.3,,,22.48,00.0001E-03,-04.096E+00
2020-07-10 17:39:07.365068,277,20.9,25.3,,,22.48,00.0001E-03,-04.096E+00
2020-07-10 17:39:07.621431,278,20.9,25.3,,,22.48,00.0001E-03,-04.096E+00
2020-07-10 17:39:07.862176,279,20.9,25.3,,,22.48,00.0001E-03,-04.096E+00
2020-07-10 17:39:08.122510,280,20.9,25.3,,,22.48,00.0001E-03,-04.096E+00
2020-07-10 17:39:08.370380,281,20.9,25.3,,,22.47,00.0001E-03,-04.096E+00
2020-07-10 17:39:08.636234,282,20.9,25.3,,,22.48,00.0001E-03,-04.096E+00
2020-07-10 17:39:08.872679,283,20.9,25.3,,,22.48,00.0001E-03,-04.096E+00
2020-07-10 17:39:09.141568,284,20.9,25.3,,,22.48,00.0001E-03,-04.096E+00
2020-07-10 17:39:09.374374,285,20.9,25.3,,,22.48,00.0001E-03,-04.096E+00
2020-07-10 17:39:09.653628,286,20.9,25.3,,,22.48,00.0001E-03,-04.096E+00
2020-07-10 17:39:09.871198,287,20.9,25.3,,,22.48,00.0001E-03,-04.096E+00
2020-07-10 17:39:10.121170,288,20.9,25.3,,,22.48,00.0001E-03,-04.096E+00
2020-07-10 17:39:10.374838,289,20.9,25.3,,,22.48,00.0001E-03,-04.096E+00
2020-07-10 17:39:10.628396,290,20.9,25.3,,,22.48,00.0001E-03,-04.096E+00
2020-07-10 17:39:10.884523,291,20.9,25.3,,,22.48,00.0001E-03,-04.096E+00
2020-07-10 17:39:11.126086,292,20.9,25.3,,,22.48,00.0001E-03,-04.096E+00
2020-07-10 17:39:11.449701,293,20.9,25.3,,,22.48,00.0001E-03,-04.096E+00
2020-07-10 17:39:11.628921,294,20.9,25.3,,,22.49,00.0001E-03,-04.096E+00
2020-07-10 17:39:11.916109,295,20.9,25.3,,,22.48,00.0001E-03,-04.096E+00
2020-07-10 17:39:12.150509,296,20.9,25.3,,,22.49,00.0001E-03,-04.096E+00
2020-07-10 17:39:12.381480,297,20.9,25.3,,,22.49,00.0001E-03,-04.096E+00
2020-07-10 17:39:12.643735,298,20.9,25.3,,,22.49,00.0001E-03,-04.096E+00
2020-07-10 17:39:12.881196,299,20.9,25.3,,,22.49,00.0001E-03,-04.096E+00
2020-07-10 17:39:13.142019,300,20.9,25.3,,,22.49,00.0001E-03,-04.096E+00
2020-07-10 17:39:13.376662,301,20.9,25.3,,,22.49,00.0001E-03,-04.096E+00
2020-07-10 17:39:13.651148,302,20.9,25.3,,,22.49,00.0001E-03,-04.096E+00
2020-07-10 17:39:13.890258,303,20.9,25.3,,,22.49,00.0001E-03,-04.096E+00
2020-07-10 17:39:14.157323,304,20.9,25.3,,,22.5,00.0001E-03,-04.096E+00
2020-07-10 17:39:14.379908,305,20.9,25.3,,,22.49,00.0001E-03,-04.096E+00
2020-07-10 17:39:14.664663,306,20.9,25.3,,,22.5,00.0001E-03,-04.096E+00
2020-07-10 17:39:14.883579,307,20.9,25.3,,,22.5,00.0001E-03,-04.096E+00
2020-07-10 17:39:15.176661,308,20.9,25.3,,,22.5,00.0001E-03,-04.096E+00
2020-07-10 17:39:15.384887,309,20.9,25.3,,,22.5,00.0001E-03,-04.096E+00
2020-07-10 17:39:15.640893,310,20.9,25.3,,,22.5,00.0001E-03,-04.096E+00
2020-07-10 17:39:15.891694,311,20.9,25.3,,,22.5,00.0001E-03,-04.096E+00
2020-07-10 17:39:16.144785,312,20.9,25.3,,,22.5,00.0001E-03,-04.096E+00
2020-07-10 17:39:16.406581,313,20.9,25.3,,,22.5,00.0001E-03,-04.096E+00
2020-07-10 17:39:16.653002,314,20.9,25.2,,,22.5,00.0001E-03,-04.096E+00
2020-07-10 17:39:16.909017,315,20.9,25.2,,,22.5,00.0001E-03,-04.096E+00
2020-07-10 17:39:17.158754,316,20.9,25.2,,,22.5,00.0001E-03,-04.096E+00
2020-07-10 17:39:17.418959,317,20.9,25.2,,,22.5,00.0008E-03,-04.096E+00
2020-07-10 17:39:17.647127,318,20.9,25.2,,,22.5,00.0001E-03,-04.096E+00
2020-07-10 17:39:17.928359,319,20.9,25.2,,,22.5,00.0001E-03,-04.096E+00
2020-07-10 17:39:18.158132,320,20.9,25.2,,,22.51,00.0001E-03,-04.096E+00
2020-07-10 17:39:18.401757,321,20.9,25.2,,,22.5,00.0001E-03,-04.096E+00
2020-07-10 17:39:18.657795,322,20.9,25.2,,,22.5,00.0001E-03,-04.096E+00
2020-07-10 17:39:18.896066,323,20.9,25.2,,,22.5,00.0001E-03,-04.096E+00
2020-07-10 17:39:19.156942,324,20.9,25.2,,,22.51,00.0001E-03,-04.096E+00
2020-07-10 17:39:19.395501,325,20.9,25.2,,,22.51,00.0001E-03,-04.096E+00
2020-07-10 17:39:19.667623,326,20.9,25.2,,,22.51,00.0008E-03,-04.096E+00
2020-07-10 17:39:19.903743,327,20.9,25.2,,,22.51,00.0006E-03,-04.096E+00
2020-07-10 17:39:20.174458,328,20.9,25.2,,,22.51,00.0001E-03,-04.096E+00
2020-07-10 17:39:20.413583,329,20.9,25.2,,,22.51,00.0001E-03,-04.096E+00
2020-07-10 17:39:20.690329,330,20.9,25.2,,,22.51,00.0001E-03,-04.096E+00
2020-07-10 17:39:20.901420,331,20.9,25.2,,,22.51,00.0001E-03,-04.096E+00
2020-07-10 17:39:21.200948,332,20.9,25.2,,,22.52,00.0006E-03,-04.096E+00
2020-07-10 17:39:21.410846,333,20.9,25.2,,,22.52,00.0001E-03,-04.096E+00
2020-07-10 17:39:21.656310,334,20.9,25.2,,,22.52,00.0001E-03,-04.096E+00
2020-07-10 17:39:21.910391,335,20.9,25.2,,,22.52,00.0001E-03,-04.096E+00
2020-07-10 17:39:22.168619,336,20.9,25.2,,,22.52,00.0001E-03,-04.096E+00
2020-07-10 17:39:22.422105,337,20.9,25.2,,,22.52,00.0001E-03,-04.096E+00
2020-07-10 17:39:22.663335,338,20.9,25.1,,,22.52,00.0001E-03,-04.096E+00
2020-07-10 17:39:22.938162,339,20.9,25.1,,,22.52,00.0006E-03,-04.096E+00
2020-07-10 17:39:23.165994,340,20.9,25.1,,,22.52,00.0006E-03,-04.096E+00
2020-07-10 17:39:23.448280,341,20.9,25.1,,,22.52,00.0001E-03,-04.096E+00
2020-07-10 17:39:23.664804,342,20.9,25.1,,,22.53,00.0001E-03,-04.096E+00
2020-07-10 17:39:23.909727,343,20.9,25.1,,,22.52,00.0006E-03,-04.096E+00
2020-07-10 17:39:24.166870,344,20.9,25.1,,,22.52,00.0001E-03,-04.096E+00
2020-07-10 17:39:24.414506,345,20.9,25.1,,,22.53,00.0001E-03,-04.096E+00
2020-07-10 17:39:24.673766,346,20.9,25.1,,,22.53,00.0001E-03,-04.096E+00
2020-07-10 17:39:24.921655,347,20.9,25.1,,,22.53,00.0008E-03,-04.096E+00
2020-07-10 17:39:25.188958,348,20.9,25.1,,,22.53,00.0001E-03,-04.096E+00
2020-07-10 17:39:25.415373,349,20.9,25.1,,,22.53,00.0001E-03,-04.096E+00
2020-07-10 17:39:25.702650,350,20.9,25.1,,,22.53,00.0001E-03,-04.096E+00
2020-07-10 17:39:25.915123,351,20.9,25.1,,,22.53,00.0001E-03,-04.096E+00
2020-07-10 17:39:26.208437,352,20.9,25.1,,,22.53,00.0008E-03,-04.096E+00
2020-07-10 17:39:26.424617,353,20.9,25.1,,,22.53,00.0008E-03,-04.096E+00
2020-07-10 17:39:26.673352,354,20.9,25.1,,,22.53,00.0008E-03,-04.096E+00
2020-07-10 17:39:26.925958,355,20.9,25.1,,,22.53,00.0006E-03,-04.096E+00
2020-07-10 17:39:27.180657,356,20.9,25.1,,,22.53,00.0001E-03,-04.096E+00
2020-07-10 17:39:27.443163,357,20.9,25.1,,,22.54,00.0001E-03,-04.096E+00
2020-07-10 17:39:27.673523,358,20.9,25.1,,,22.54,00.0001E-03,-04.096E+00
2020-07-10 17:39:27.956798,359,20.9,25.1,,,22.54,00.0001E-03,-04.096E+00
2020-07-10 17:39:28.202306,360,20.9,25.1,,,22.53,00.0001E-03,-04.096E+00
2020-07-10 17:39:28.425839,361,20.9,25.1,,,22.54,00.0001E-03,-04.096E+00
2020-07-10 17:39:28.683649,362,20.9,25.1,,,22.54,00.0001E-03,-04.096E+00
2020-07-10 17:39:28.925733,363,20.9,25.1,,,22.54,00.0006E-03,-04.096E+00
2020-07-10 17:39:29.193891,364,20.9,25.1,,,22.54,00.0006E-03,-04.096E+00
2020-07-10 17:39:29.430615,365,20.9,25.1,,,22.54,00.0001E-03,-04.096E+00
2020-07-10 17:39:29.709108,366,20.9,25.1,,,22.54,00.0008E-03,-04.096E+00
2020-07-10 17:39:29.927441,367,20.9,25.1,,,22.54,00.0006E-03,-04.096E+00
2020-07-10 17:39:30.224377,368,20.9,25.1,,,22.54,00.0006E-03,-04.096E+00
2020-07-10 17:39:30.431954,369,20.9,25.1,,,22.54,00.0001E-03,-04.096E+00
2020-07-10 17:39:30.685973,370,20.9,25.2,,,22.55,00.0001E-03,-04.096E+00
2020-07-10 17:39:30.939598,371,20.9,25.2,,,22.55,00.0001E-03,-04.096E+00
2020-07-10 17:39:31.192790,372,20.9,25.2,,,22.55,00.0006E-03,-04.096E+00
2020-07-10 17:39:31.452559,373,20.9,25.2,,,22.55,00.0001E-03,-04.096E+00
2020-07-10 17:39:31.686784,374,20.9,25.2,,,22.55,00.0001E-03,-04.096E+00
2020-07-10 17:39:31.966644,375,20.9,25.2,,,22.55,00.0006E-03,-04.096E+00
2020-07-10 17:39:32.193704,376,20.9,25.2,,,22.55,00.0008E-03,-04.096E+00
2020-07-10 17:39:32.438840,377,20.9,25.2,,,22.55,00.0001E-03,-04.096E+00
2020-07-10 17:39:32.696211,378,20.9,25.3,,,22.55,00.0001E-03,-04.096E+00
2020-07-10 17:39:32.933620,379,20.9,25.3,,,22.55,00.0006E-03,-04.096E+00
2020-07-10 17:39:33.203069,380,20.9,25.3,,,22.55,00.0006E-03,-04.096E+00
2020-07-10 17:39:33.439622,381,20.9,25.3,,,22.55,00.0001E-03,-04.096E+00
2020-07-10 17:39:33.714293,382,20.9,25.3,,,22.55,00.0006E-03,-04.096E+00
2020-07-10 17:39:33.942613,383,20.9,25.3,,,22.55,00.0006E-03,-04.096E+00
2020-07-10 17:39:34.236800,384,20.9,25.3,,,22.55,00.0001E-03,-04.096E+00
2020-07-10 17:39:34.449224,385,20.9,25.3,,,22.56,00.0001E-03,-04.096E+00
2020-07-10 17:39:34.737611,386,20.9,25.3,,,22.56,00.0006E-03,-04.096E+00
2020-07-10 17:39:34.944254,387,20.9,25.3,,,22.56,00.0001E-03,-04.096E+00
2020-07-10 17:39:35.198401,388,20.9,25.3,,,22.56,00.0001E-03,-04.096E+00
2020-07-10 17:39:35.448980,389,20.9,25.3,,,22.56,00.0006E-03,-04.096E+00
2020-07-10 17:39:35.700711,390,20.9,25.3,,,22.56,00.0006E-03,-04.096E+00
2020-07-10 17:39:35.967698,391,20.9,25.3,,,22.56,00.0006E-03,-04.096E+00
2020-07-10 17:39:36.208666,392,20.9,25.3,,,22.56,00.0001E-03,-04.096E+00
2020-07-10 17:39:36.470938,393,20.9,25.3,,,22.56,00.0001E-03,-04.096E+00
2020-07-10 17:39:36.711208,394,20.9,25.3,,,22.56,00.0006E-03,-04.096E+00
2020-07-10 17:39:36.978732,395,20.9,25.3,,,22.56,00.0006E-03,-04.096E+00
2020-07-10 17:39:37.209838,396,20.9,25.3,,,22.56,00.0001E-03,-04.096E+00
2020-07-10 17:39:37.452239,397,20.9,25.3,,,22.56,00.0001E-03,-04.096E+00
2020-07-10 17:39:37.700755,398,20.9,25.3,,,22.56,00.0001E-03,-04.096E+00
2020-07-10 17:39:37.954558,399,20.9,25.3,,,22.57,00.0006E-03,-04.096E+00
2020-07-10 17:39:38.211925,400,20.9,25.3,,,22.57,00.0008E-03,-04.096E+00
2020-07-10 17:39:38.459506,401,20.9,25.3,,,22.57,00.0006E-03,-04.096E+00
2020-07-10 17:39:38.732073,402,20.9,25.2,,,22.57,00.0001E-03,-04.096E+00
2020-07-10 17:39:38.962657,403,20.9,25.2,,,22.57,00.0006E-03,-04.096E+00
2020-07-10 17:39:39.237880,404,20.9,25.2,,,22.57,00.0006E-03,-04.096E+00
2020-07-10 17:39:39.461455,405,20.9,25.2,,,22.57,00.0006E-03,-04.096E+00
2020-07-10 17:39:39.704573,406,20.9,25.2,,,22.57,00.0006E-03,-04.096E+00
2020-07-10 17:39:39.956969,407,20.9,25.2,,,22.57,00.0006E-03,-04.096E+00
2020-07-10 17:39:40.216130,408,20.9,25.2,,,22.57,00.0001E-03,-04.096E+00
2020-07-10 17:39:40.471006,409,20.9,25.2,,,22.58,00.0001E-03,-04.096E+00
2020-07-10 17:39:40.720261,410,20.9,25.2,,,22.57,00.0006E-03,-04.096E+00
2020-07-10 17:39:40.975228,411,20.9,25.2,,,22.58,00.0006E-03,-04.096E+00
2020-07-10 17:39:41.215911,412,20.9,25.2,,,22.58,00.0006E-03,-04.096E+00
2020-07-10 17:39:41.485126,413,20.9,25.2,,,22.58,00.0001E-03,-04.096E+00
2020-07-10 17:39:41.720110,414,20.9,25.2,,,22.58,00.0001E-03,-04.096E+00
2020-07-10 17:39:41.994505,415,20.9,25.2,,,22.58,00.0008E-03,-04.096E+00
2020-07-10 17:39:42.218043,416,20.9,25.2,,,22.58,00.0001E-03,-04.096E+00
2020-07-10 17:39:42.506570,417,20.9,25.2,,,22.58,00.0001E-03,-04.096E+00
2020-07-10 17:39:42.722787,418,20.9,25.1,,,22.59,00.0001E-03,-04.096E+00
2020-07-10 17:39:42.963298,419,20.9,25.1,,,22.58,00.0006E-03,-04.096E+00
2020-07-10 17:39:43.220266,420,20.9,25.1,,,22.59,00.0006E-03,-04.096E+00
2020-07-10 17:39:43.466784,421,20.9,25.1,,,22.59,00.0006E-03,-04.096E+00
2020-07-10 17:39:43.729443,422,20.9,25.1,,,22.59,00.0001E-03,-04.096E+00
2020-07-10 17:39:43.976584,423,20.9,25.1,,,22.59,00.0001E-03,-04.096E+00
2020-07-10 17:39:44.240246,424,20.9,25.1,,,22.59,00.0008E-03,-04.096E+00
2020-07-10 17:39:44.501937,425,20.9,25.1,,,22.59,00.0001E-03,-04.096E+00
2020-07-10 17:39:44.755442,426,20.9,25.1,,,22.59,00.0006E-03,-04.096E+00
2020-07-10 17:39:45.014729,427,20.9,25.1,,,22.59,00.0001E-03,-04.096E+00
2020-07-10 17:39:45.228644,428,20.9,25.1,,,22.59,00.0001E-03,-04.096E+00
2020-07-10 17:39:45.479444,429,20.9,25.1,,,22.59,00.0001E-03,-04.096E+00
2020-07-10 17:39:45.725566,430,20.9,25.1,,,22.6,00.0001E-03,-04.096E+00
2020-07-10 17:39:45.992713,431,20.9,25.1,,,22.6,00.0001E-03,-04.096E+00
2020-07-10 17:39:46.228795,432,20.9,25.1,,,22.6,00.0008E-03,-04.096E+00
2020-07-10 17:39:46.497685,433,20.9,25.1,,,22.6,00.0001E-03,-04.096E+00
2020-07-10 17:39:46.732433,434,20.9,25.1,,,22.6,00.0001E-03,-04.096E+00
2020-07-10 17:39:47.012762,435,20.9,25.1,,,22.6,00.0006E-03,-04.096E+00
2020-07-10 17:39:47.235566,436,20.9,25.1,,,22.6,00.0001E-03,-04.096E+00
2020-07-10 17:39:47.522026,437,20.9,25.1,,,22.6,00.0001E-03,-04.096E+00
2020-07-10 17:39:47.733817,438,20.9,25.1,,,22.6,00.0001E-03,-04.096E+00
2020-07-10 17:39:47.978950,439,20.9,25.1,,,22.6,00.0001E-03,-04.096E+00
2020-07-10 17:39:48.244530,440,20.9,25.1,,,22.6,00.0001E-03,-04.096E+00
2020-07-10 17:39:48.485500,441,20.9,25.1,,,22.6,00.0006E-03,-04.096E+00
2020-07-10 17:39:48.748918,442,20.9,25.1,,,22.6,00.0008E-03,-04.096E+00
2020-07-10 17:39:48.985640,443,20.9,25.1,,,22.6,00.0001E-03,-04.096E+00
2020-07-10 17:39:49.257258,444,20.9,25.1,,,22.61,00.0001E-03,-04.096E+00
2020-07-10 17:39:49.487976,445,20.9,25.1,,,22.61,00.0001E-03,-04.096E+00
2020-07-10 17:39:49.765358,446,20.9,25.1,,,22.61,00.0001E-03,-04.096E+00
2020-07-10 17:39:49.990998,447,20.9,25.1,,,22.61,00.0001E-03,-04.096E+00
2020-07-10 17:39:50.274898,448,20.9,25.1,,,22.61,00.0001E-03,-04.096E+00
2020-07-10 17:39:50.488499,449,20.9,25.1,,,22.61,00.0001E-03,-04.096E+00
2020-07-10 17:39:50.749174,450,20.9,25.1,,,22.61,00.0001E-03,-04.096E+00
2020-07-10 17:39:51.006635,451,20.9,25.1,,,22.62,00.0001E-03,-04.096E+00
2020-07-10 17:39:51.247906,452,20.9,25.1,,,22.62,00.0001E-03,-04.096E+00
2020-07-10 17:39:51.517608,453,20.9,25.1,,,22.61,00.0001E-03,-04.096E+00
2020-07-10 17:39:51.746130,454,20.9,25.1,,,22.61,00.0001E-03,-04.096E+00
2020-07-10 17:39:52.023735,455,20.9,25.1,,,22.62,00.0001E-03,-04.096E+00
2020-07-10 17:39:52.251558,456,20.9,25.1,,,22.62,00.0001E-03,-04.096E+00
2020-07-10 17:39:52.491190,457,20.9,25.1,,,22.62,00.0006E-03,-04.096E+00
2020-07-10 17:39:52.756602,458,20.9,25.1,,,22.62,00.0001E-03,-04.096E+00
2020-07-10 17:39:52.997744,459,20.9,25.1,,,22.62,00.0008E-03,-04.096E+00
2020-07-10 17:39:53.256969,460,20.9,25.1,,,22.62,00.0001E-03,-04.096E+00
2020-07-10 17:39:53.501818,461,20.9,25.1,,,22.62,00.0001E-03,-04.096E+00
2020-07-10 17:39:53.771759,462,20.9,25.1,,,22.62,00.0001E-03,-04.096E+00
2020-07-10 17:39:54.006616,463,20.9,25.1,,,22.63,00.0001E-03,-04.096E+00
2020-07-10 17:39:54.276485,464,20.9,25.1,,,22.63,00.0001E-03,-04.096E+00
2020-07-10 17:39:54.497612,465,20.9,25.1,,,22.63,00.0001E-03,-04.096E+00
2020-07-10 17:39:54.784898,466,20.9,25.1,,,22.63,00.0001E-03,-04.096E+00
2020-07-10 17:39:55.005293,467,20.9,25.1,,,22.63,00.0001E-03,-04.096E+00
2020-07-10 17:39:55.264647,468,20.9,25.1,,,22.63,00.0001E-03,-04.096E+00
2020-07-10 17:39:55.515772,469,20.9,25.1,,,22.63,00.0001E-03,-04.096E+00
2020-07-10 17:39:55.757808,470,20.9,25.1,,,22.63,00.0001E-03,-04.096E+00
2020-07-10 17:39:56.020555,471,20.9,25.1,,,22.63,00.0006E-03,-04.096E+00
2020-07-10 17:39:56.267886,472,20.9,25.1,,,22.63,00.0001E-03,-04.096E+00
2020-07-10 17:39:56.537649,473,20.9,25.1,,,22.64,00.0001E-03,-04.096E+00
2020-07-10 17:39:56.772264,474,20.9,25.1,,,22.63,00.0001E-03,-04.096E+00
2020-07-10 17:39:57.040462,475,20.9,25.1,,,22.63,00.0001E-03,-04.096E+00
2020-07-10 17:39:57.267342,476,20.9,25.1,,,22.63,00.0001E-03,-04.096E+00
2020-07-10 17:39:57.518392,477,20.9,25.1,,,22.64,00.0001E-03,-04.096E+00
2020-07-10 17:39:57.766405,478,20.9,25.1,,,22.64,00.0001E-03,-04.096E+00
2020-07-10 17:39:58.014099,479,20.9,25.1,,,22.64,00.0001E-03,-04.096E+00
2020-07-10 17:39:58.270122,480,20.9,25.1,,,22.64,00.0001E-03,-04.096E+00
2020-07-10 17:39:58.512489,481,20.9,25.1,,,22.64,00.0001E-03,-04.096E+00
2020-07-10 17:39:58.780658,482,20.9,25.1,,,22.65,00.0001E-03,-04.096E+00
2020-07-10 17:39:59.011175,483,20.9,25.1,,,22.65,00.0001E-03,-04.096E+00
2020-07-10 17:39:59.286476,484,20.9,25.1,,,22.65,00.0001E-03,-04.096E+00
2020-07-10 17:39:59.518231,485,20.9,25.1,,,22.65,00.0001E-03,-04.096E+00
2020-07-10 17:39:59.794829,486,20.9,25.1,,,22.65,00.0001E-03,-04.096E+00
2020-07-10 17:40:00.017919,487,20.9,25.1,,,22.65,00.0001E-03,-04.096E+00
2020-07-10 17:40:00.310452,488,20.9,25.1,,,22.65,00.0001E-03,-04.096E+00
2020-07-10 17:40:00.517892,489,20.9,25.1,,,22.65,00.0006E-03,-04.096E+00
2020-07-10 17:40:00.780036,490,20.9,25.1,,,22.65,00.0001E-03,-04.096E+00
2020-07-10 17:40:01.030693,491,20.9,25.1,,,22.65,00.0001E-03,-04.096E+00
2020-07-10 17:40:01.278311,492,20.9,25.1,,,22.65,00.0001E-03,-04.096E+00
2020-07-10 17:40:01.540075,493,20.9,25.1,,,22.66,00.0001E-03,-04.096E+00
2020-07-10 17:40:01.791599,494,20.9,25.1,,,22.66,00.0001E-03,-04.096E+00
2020-07-10 17:40:02.048737,495,20.9,25.1,,,22.66,00.0001E-03,-04.096E+00
2020-07-10 17:40:02.278505,496,20.9,25.1,,,22.66,00.0001E-03,-04.096E+00
2020-07-10 17:40:02.559303,497,20.9,25.1,,,22.66,00.0001E-03,-04.096E+00
2020-07-10 17:40:02.783302,498,20.9,25.1,,,22.67,00.0001E-03,-04.096E+00
2020-07-10 17:40:03.030228,499,20.9,25.1,,,22.67,00.0001E-03,-04.096E+00
2020-07-10 17:40:03.285200,500,20.9,25.1,,,22.67,00.0001E-03,-04.096E+00
2020-07-10 17:40:03.527845,501,20.9,25.1,,,22.68,00.0001E-03,-04.096E+00
2020-07-10 17:40:03.795612,502,20.9,25.1,,,22.68,00.0001E-03,-04.096E+00
2020-07-10 17:40:04.024541,503,20.9,25.1,,,22.68,00.0001E-03,-04.096E+00
2020-07-10 17:40:04.301639,504,20.9,25.1,,,22.68,00.0001E-03,-04.096E+00
2020-07-10 17:40:04.529095,505,20.9,25.1,,,22.68,00.0001E-03,-04.096E+00
2020-07-10 17:40:04.816469,506,20.9,25.0,,,22.68,00.0001E-03,-04.096E+00
2020-07-10 17:40:05.033940,507,20.9,25.0,,,22.68,00.0001E-03,-04.096E+00
2020-07-10 17:40:05.319625,508,20.9,25.0,,,22.69,00.0001E-03,-04.096E+00
2020-07-10 17:40:05.530824,509,20.9,25.0,,,22.69,00.0001E-03,-04.096E+00
2020-07-10 17:40:05.787579,510,20.9,25.0,,,22.69,00.0001E-03,-04.096E+00
2020-07-10 17:40:06.042614,511,20.9,25.0,,,22.69,00.0001E-03,-04.096E+00
2020-07-10 17:40:06.290451,512,20.9,25.0,,,22.69,00.0001E-03,-04.096E+00
2020-07-10 17:40:06.545872,513,20.9,25.0,,,22.69,00.0001E-03,-04.096E+00
2020-07-10 17:40:06.796849,514,20.9,25.0,,,22.69,00.0008E-03,-04.096E+00
2020-07-10 17:40:07.054975,515,20.9,25.0,,,22.7,00.0001E-03,-04.096E+00
2020-07-10 17:40:07.300488,516,20.9,25.0,,,22.7,00.0001E-03,-04.096E+00
2020-07-10 17:40:07.562711,517,20.9,25.0,,,22.7,00.0001E-03,-04.096E+00
2020-07-10 17:40:07.792611,518,20.9,25.0,,,22.7,00.0001E-03,-04.096E+00
2020-07-10 17:40:08.067166,519,20.9,25.0,,,22.71,00.0001E-03,-04.096E+00
2020-07-10 17:40:08.299188,520,20.9,25.0,,,22.7,00.0001E-03,-04.096E+00
2020-07-10 17:40:08.572919,521,20.9,25.0,,,22.7,00.0006E-03,-04.096E+00
2020-07-10 17:40:08.802515,522,20.9,25.0,,,22.7,00.0001E-03,-04.096E+00
2020-07-10 17:40:09.049499,523,20.9,25.0,,,22.7,00.0001E-03,-04.096E+00
2020-07-10 17:40:09.303841,524,20.9,25.0,,,22.7,00.0001E-03,-04.096E+00
2020-07-10 17:40:09.546505,525,20.9,25.0,,,22.7,00.0001E-03,-04.096E+00
2020-07-10 17:40:09.808474,526,20.9,25.0,,,22.7,00.0001E-03,-04.096E+00
2020-07-10 17:40:10.048498,527,20.9,25.0,,,22.71,00.0001E-03,-04.096E+00
2020-07-10 17:40:10.310709,528,20.9,25.0,,,22.71,00.0001E-03,-04.096E+00
2020-07-10 17:40:10.551238,529,20.9,25.0,,,22.71,00.0001E-03,-04.096E+00
2020-07-10 17:40:10.816857,530,20.9,25.0,,,22.71,00.0001E-03,-04.096E+00
2020-07-10 17:40:11.051984,531,20.9,25.0,,,22.71,00.0001E-03,-04.096E+00
2020-07-10 17:40:11.335563,532,20.9,25.0,,,22.72,00.0001E-03,-04.096E+00
2020-07-10 17:40:11.557450,533,20.9,25.0,,,22.72,00.0001E-03,-04.096E+00
2020-07-10 17:40:11.804230,534,20.9,25.0,,,22.72,00.0001E-03,-04.096E+00
2020-07-10 17:40:12.051765,535,20.9,25.0,,,22.72,00.0001E-03,-04.096E+00
2020-07-10 17:40:12.311712,536,20.9,25.0,,,22.72,00.0001E-03,-04.096E+00
2020-07-10 17:40:12.566153,537,20.9,25.0,,,22.72,00.0001E-03,-04.096E+00
2020-07-10 17:40:12.817237,538,20.9,25.0,,,22.72,00.0001E-03,-04.096E+00
2020-07-10 17:40:13.072819,539,20.9,25.0,,,22.72,00.0001E-03,-04.096E+00
2020-07-10 17:40:13.314287,540,20.9,25.0,,,22.72,00.0001E-03,-04.096E+00
2020-07-10 17:40:13.588580,541,20.9,25.0,,,22.72,00.0001E-03,-04.096E+00
2020-07-10 17:40:13.811943,542,20.9,25.0,,,22.72,00.0001E-03,-04.096E+00
2020-07-10 17:40:14.100703,543,20.9,25.0,,,22.73,00.0001E-03,-04.096E+00
2020-07-10 17:40:14.349457,544,20.9,25.0,,,22.73,00.0001E-03,-04.096E+00
2020-07-10 17:40:14.561363,545,20.9,25.0,,,22.73,00.0001E-03,-04.096E+00
2020-07-10 17:40:14.822394,546,20.9,25.0,,,22.73,00.0001E-03,-04.096E+00
2020-07-10 17:40:15.069647,547,20.9,25.0,,,22.73,00.0001E-03,-04.096E+00
2020-07-10 17:40:15.319895,548,20.9,25.0,,,22.73,00.0001E-03,-04.096E+00
2020-07-10 17:40:15.561050,549,20.9,25.0,,,22.73,00.0001E-03,-04.096E+00
2020-07-10 17:40:15.830319,550,20.9,25.0,,,22.73,00.0001E-03,-04.096E+00
2020-07-10 17:40:16.064678,551,20.9,25.0,,,22.73,00.0001E-03,-04.096E+00
2020-07-10 17:40:16.339337,552,20.9,25.0,,,22.73,00.0001E-03,-04.096E+00
2020-07-10 17:40:16.559841,553,20.9,25.0,,,22.73,00.0001E-03,-04.096E+00
2020-07-10 17:40:16.853914,554,20.9,25.0,,,22.73,00.0001E-03,-04.096E+00
2020-07-10 17:40:17.071217,555,20.9,25.0,,,22.73,00.0001E-03,-04.096E+00
2020-07-10 17:40:17.363970,556,20.9,25.0,,,22.73,00.0001E-03,-04.096E+00
2020-07-10 17:40:17.567176,557,20.9,25.0,,,22.73,00.0001E-03,-04.096E+00
2020-07-10 17:40:17.824128,558,20.9,25.0,,,22.73,00.0001E-03,-04.096E+00
2020-07-10 17:40:18.076888,559,20.9,25.0,,,22.73,00.0001E-03,-04.096E+00
2020-07-10 17:40:18.323846,560,20.9,25.0,,,22.73,00.0001E-03,-04.096E+00
2020-07-10 17:40:18.582597,561,20.9,25.0,,,22.73,00.0001E-03,-04.096E+00
2020-07-10 17:40:18.836136,562,20.9,25.0,,,22.73,00.0001E-03,-04.096E+00
2020-07-10 17:40:19.086626,563,20.9,25.0,,,22.73,00.0001E-03,-04.096E+00
2020-07-10 17:40:19.333943,564,20.9,25.0,,,22.73,00.0001E-03,-04.096E+00
2020-07-10 17:40:19.604011,565,20.9,25.0,,,22.73,00.0001E-03,-04.096E+00
2020-07-10 17:40:19.827116,566,20.9,25.0,,,22.74,00.0001E-03,-04.096E+00
2020-07-10 17:40:20.114511,567,20.9,25.0,,,22.74,00.0001E-03,-04.096E+00
2020-07-10 17:40:20.342170,568,20.9,25.0,,,22.74,00.0001E-03,-04.096E+00
2020-07-10 17:40:20.579282,569,20.9,25.0,,,22.74,00.0001E-03,-04.096E+00
2020-07-10 17:40:20.834931,570,20.9,24.9,,,22.74,00.0001E-03,-04.096E+00
2020-07-10 17:40:21.075194,571,20.9,24.9,,,22.74,00.0001E-03,-04.096E+00
2020-07-10 17:40:21.344872,572,20.9,24.9,,,22.74,00.0001E-03,-04.096E+00
2020-07-10 17:40:21.580846,573,20.9,24.9,,,22.74,00.0001E-03,-04.096E+00
2020-07-10 17:40:21.856763,574,20.9,24.9,,,22.74,00.0001E-03,-04.096E+00
2020-07-10 17:40:22.080223,575,20.9,24.9,,,22.74,00.0001E-03,-04.096E+00
2020-07-10 17:40:22.362115,576,20.9,24.9,,,22.74,00.0001E-03,-04.096E+00
2020-07-10 17:40:22.589546,577,20.9,24.9,,,22.75,00.0001E-03,-04.096E+00
2020-07-10 17:40:22.871364,578,20.9,24.9,,,22.75,00.0001E-03,-04.096E+00
2020-07-10 17:40:23.091853,579,20.9,24.9,,,22.75,00.0001E-03,-04.096E+00
2020-07-10 17:40:23.338809,580,20.9,24.9,,,22.75,00.0001E-03,-04.096E+00
2020-07-10 17:40:23.596656,581,20.9,24.9,,,22.75,00.0001E-03,-04.096E+00
2020-07-10 17:40:23.838420,582,20.9,24.9,,,22.75,00.0001E-03,-04.096E+00
2020-07-10 17:40:24.101772,583,20.9,24.9,,,22.75,00.0001E-03,-04.096E+00
2020-07-10 17:40:24.343643,584,20.9,24.9,,,22.75,00.0001E-03,-04.096E+00
2020-07-10 17:40:24.617494,585,20.9,24.9,,,22.75,00.0001E-03,-04.096E+00
2020-07-10 17:40:24.845391,586,20.9,24.9,,,22.75,00.0001E-03,-04.096E+00
2020-07-10 17:40:25.126921,587,20.9,24.9,,,22.75,00.0001E-03,-04.096E+00
2020-07-10 17:40:25.349445,588,20.9,24.9,,,22.75,00.0001E-03,-04.096E+00
2020-07-10 17:40:25.589809,589,20.9,24.9,,,22.75,00.0001E-03,-04.096E+00
2020-07-10 17:40:25.841426,590,20.9,24.9,,,22.75,00.0001E-03,-04.096E+00
2020-07-10 17:40:26.099918,591,20.9,24.9,,,22.76,00.0001E-03,-04.096E+00
2020-07-10 17:40:26.351011,592,20.9,24.9,,,22.76,00.0001E-03,-04.096E+00
2020-07-10 17:40:26.598167,593,20.9,24.9,,,22.76,00.0001E-03,-04.096E+00
2020-07-10 17:40:26.910500,594,20.9,24.9,,,22.76,00.0001E-03,-04.096E+00
2020-07-10 17:40:27.099722,595,20.9,24.9,,,22.76,00.0001E-03,-04.096E+00
2020-07-10 17:40:27.375718,596,20.9,24.9,,,22.76,00.0001E-03,-04.096E+00
2020-07-10 17:40:27.602935,597,20.9,24.9,,,22.76,00.0001E-03,-04.096E+00
2020-07-10 17:40:27.885564,598,20.9,24.9,,,22.76,00.0008E-03,-04.096E+00
2020-07-10 17:40:28.102223,599,20.9,24.9,,,22.76,00.0001E-03,-04.096E+00
2020-07-10 17:40:28.354312,600,20.9,24.9,,,22.77,00.0001E-03,-04.096E+00
2020-07-10 17:40:28.610379,601,20.9,24.9,,,22.77,00.0001E-03,-04.096E+00
2020-07-10 17:40:28.859267,602,20.9,24.9,,,22.77,00.0001E-03,-04.096E+00
2020-07-10 17:40:29.115654,603,20.9,24.9,,,22.77,00.0001E-03,-04.096E+00
2020-07-10 17:40:29.362923,604,20.9,24.9,,,22.77,00.0001E-03,-04.096E+00
2020-07-10 17:40:29.632119,605,20.9,24.9,,,22.77,00.0001E-03,-04.096E+00
2020-07-10 17:40:29.860776,606,20.9,24.9,,,22.77,00.0001E-03,-04.096E+00
2020-07-10 17:40:30.137365,607,20.9,24.9,,,22.78,00.0001E-03,-04.096E+00
2020-07-10 17:40:30.366615,608,20.9,24.9,,,22.77,00.0001E-03,-04.096E+00
2020-07-10 17:40:30.613245,609,20.9,24.9,,,22.78,00.0008E-03,-04.096E+00
2020-07-10 17:40:30.869601,610,20.9,24.9,,,22.78,00.0001E-03,-04.096E+00
2020-07-10 17:40:31.116390,611,20.9,24.9,,,22.78,00.0001E-03,-04.096E+00
2020-07-10 17:40:31.373501,612,20.9,24.9,,,22.78,00.0001E-03,-04.096E+00
2020-07-10 17:40:31.615897,613,20.9,24.9,,,22.78,00.0006E-03,-04.096E+00
2020-07-10 17:40:31.891678,614,20.9,24.9,,,22.78,00.0001E-03,-04.096E+00
2020-07-10 17:40:32.109191,615,20.9,24.9,,,22.78,00.0001E-03,-04.096E+00
2020-07-10 17:40:32.398124,616,20.9,24.9,,,22.78,00.0006E-03,-04.096E+00
2020-07-10 17:40:32.618791,617,20.9,24.9,,,22.79,00.0001E-03,-04.096E+00
2020-07-10 17:40:32.870595,618,20.9,24.9,,,22.79,00.0001E-03,-04.096E+00
2020-07-10 17:40:33.124629,619,20.9,24.9,,,22.79,00.0001E-03,-04.096E+00
2020-07-10 17:40:33.373160,620,20.9,24.9,,,22.79,00.0001E-03,-04.096E+00
2020-07-10 17:40:33.632711,621,20.9,24.9,,,22.79,00.0001E-03,-04.096E+00
2020-07-10 17:40:33.869220,622,20.9,24.9,,,22.79,00.0001E-03,-04.096E+00
2020-07-10 17:40:34.142795,623,20.9,24.9,,,22.79,00.0008E-03,-04.096E+00
2020-07-10 17:40:34.371900,624,20.9,24.9,,,22.79,00.0006E-03,-04.096E+00
2020-07-10 17:40:34.659911,625,20.9,24.9,,,22.8,00.0001E-03,-04.096E+00
2020-07-10 17:40:34.878517,626,20.9,24.9,,,22.8,00.0001E-03,-04.096E+00
2020-07-10 17:40:35.123313,627,20.9,24.9,,,22.8,00.0006E-03,-04.096E+00
2020-07-10 17:40:35.378817,628,20.9,24.9,,,22.8,00.0008E-03,-04.096E+00
2020-07-10 17:40:35.625331,629,20.9,24.9,,,22.8,00.0001E-03,-04.096E+00
2020-07-10 17:40:35.883080,630,20.9,24.9,,,22.8,00.0008E-03,-04.096E+00
2020-07-10 17:40:36.127611,631,20.9,24.9,,,22.8,00.0001E-03,-04.096E+00
2020-07-10 17:40:36.398915,632,20.9,24.9,,,22.8,00.0008E-03,-04.096E+00
2020-07-10 17:40:36.622287,633,20.9,24.9,,,22.8,00.0001E-03,-04.096E+00
2020-07-10 17:40:36.904676,634,20.9,24.8,,,22.8,00.0006E-03,-04.096E+00
2020-07-10 17:40:37.126635,635,20.9,24.8,,,22.8,00.0001E-03,-04.096E+00
2020-07-10 17:40:37.415814,636,20.9,24.8,,,22.81,00.0001E-03,-04.096E+00
2020-07-10 17:40:37.630606,637,20.9,24.8,,,22.81,00.0001E-03,-04.096E+00
2020-07-10 17:40:37.879676,638,20.9,24.8,,,22.81,00.0001E-03,-04.096E+00
2020-07-10 17:40:38.127639,639,20.9,24.8,,,22.81,00.0001E-03,-04.096E+00
2020-07-10 17:40:38.384061,640,20.9,24.8,,,22.81,00.0001E-03,-04.096E+00
2020-07-10 17:40:38.645003,641,20.9,24.8,,,22.81,00.0001E-03,-04.096E+00
2020-07-10 17:40:38.895284,642,20.9,24.9,,,22.81,00.0006E-03,-04.096E+00
2020-07-10 17:40:39.158083,643,20.9,24.9,,,22.81,00.0001E-03,-04.096E+00
2020-07-10 17:40:39.384321,644,20.9,24.9,,,22.81,00.0001E-03,-04.096E+00
2020-07-10 17:40:39.662967,645,20.9,24.9,,,22.82,00.0001E-03,-04.096E+00
2020-07-10 17:40:39.893736,646,20.9,24.9,,,22.82,00.0006E-03,-04.096E+00
2020-07-10 17:40:40.172996,647,20.9,24.9,,,22.82,00.0001E-03,-04.096E+00
2020-07-10 17:40:40.392135,648,20.9,24.9,,,22.82,00.0001E-03,-04.096E+00
2020-07-10 17:40:40.642239,649,20.9,24.9,,,22.82,00.0006E-03,-04.096E+00
2020-07-10 17:40:40.898780,650,20.9,24.9,,,22.83,00.0001E-03,-04.096E+00
2020-07-10 17:40:41.139844,651,20.9,24.9,,,22.83,00.0001E-03,-04.096E+00
2020-07-10 17:40:41.398525,652,20.9,24.9,,,22.83,00.0006E-03,-04.096E+00
2020-07-10 17:40:41.636214,653,20.9,24.9,,,22.83,00.0008E-03,-04.096E+00
2020-07-10 17:40:41.907448,654,20.9,24.9,,,22.83,00.0001E-03,-04.096E+00
2020-07-10 17:40:42.146453,655,20.9,24.9,,,22.83,00.0001E-03,-04.096E+00
2020-07-10 17:40:42.416618,656,20.9,24.9,,,22.83,00.0001E-03,-04.096E+00
2020-07-10 17:40:42.642521,657,20.9,24.9,,,22.83,00.0001E-03,-04.096E+00
2020-07-10 17:40:42.934600,658,20.9,24.9,,,22.84,00.0001E-03,-04.096E+00
2020-07-10 17:40:43.140463,659,20.9,24.9,,,22.84,00.0008E-03,-04.096E+00
2020-07-10 17:40:43.444394,660,20.9,24.9,,,22.84,00.0008E-03,-04.096E+00
2020-07-10 17:40:43.691645,661,20.9,24.9,,,22.84,00.0008E-03,-04.096E+00
2020-07-10 17:40:43.897238,662,20.9,24.9,,,22.84,00.0008E-03,-04.096E+00
2020-07-10 17:40:44.152769,663,20.9,24.9,,,22.84,00.0006E-03,-04.096E+00
2020-07-10 17:40:44.405389,664,20.9,24.9,,,22.84,00.0006E-03,-04.096E+00
2020-07-10 17:40:44.668751,665,20.9,24.9,,,22.84,00.0008E-03,-04.096E+00
2020-07-10 17:40:44.910596,666,20.9,24.9,,,22.84,00.0006E-03,-04.096E+00
2020-07-10 17:40:45.173594,667,20.9,24.9,,,22.85,00.0001E-03,-04.096E+00
2020-07-10 17:40:45.408473,668,20.9,24.9,,,22.85,00.0001E-03,-04.096E+00
2020-07-10 17:40:45.683477,669,20.9,24.9,,,22.85,00.0006E-03,-04.096E+00
2020-07-10 17:40:45.907484,670,20.9,24.9,,,22.85,00.0001E-03,-04.096E+00
2020-07-10 17:40:46.152621,671,20.9,24.9,,,22.85,00.0001E-03,-04.096E+00
2020-07-10 17:40:46.410746,672,20.9,24.9,,,22.85,00.0006E-03,-04.096E+00
2020-07-10 17:40:46.658957,673,20.9,24.9,,,22.85,00.0008E-03,-04.096E+00
2020-07-10 17:40:46.917619,674,20.9,24.9,,,22.85,00.0001E-03,-04.096E+00
2020-07-10 17:40:47.156690,675,20.9,24.9,,,22.85,00.0001E-03,-04.096E+00
2020-07-10 17:40:47.427743,676,20.9,24.9,,,22.85,00.0006E-03,-04.096E+00
2020-07-10 17:40:47.657137,677,20.9,24.9,,,22.85,00.0006E-03,-04.096E+00
2020-07-10 17:40:47.941651,678,20.9,24.9,,,22.86,00.0001E-03,-04.096E+00
2020-07-10 17:40:48.163779,679,20.9,24.9,,,22.86,00.0008E-03,-04.096E+00
2020-07-10 17:40:48.447510,680,20.9,24.9,,,22.86,00.0006E-03,-04.096E+00
2020-07-10 17:40:48.668676,681,20.9,24.9,,,22.86,00.0006E-03,-04.096E+00
2020-07-10 17:40:48.923998,682,20.9,24.9,,,22.86,00.0006E-03,-04.096E+00
2020-07-10 17:40:49.167466,683,20.9,24.9,,,22.86,00.0001E-03,-04.096E+00
2020-07-10 17:40:49.415976,684,20.9,24.9,,,22.86,00.0006E-03,-04.096E+00
2020-07-10 17:40:49.683909,685,20.9,24.9,,,22.86,00.0006E-03,-04.096E+00
2020-07-10 17:40:49.918626,686,20.9,24.9,,,22.87,00.0006E-03,-04.096E+00
2020-07-10 17:40:50.194409,687,20.9,24.9,,,22.87,00.0006E-03,-04.096E+00
2020-07-10 17:40:50.421908,688,20.9,24.9,,,22.87,00.0008E-03,-04.096E+00
2020-07-10 17:40:50.696606,689,20.9,24.9,,,22.87,00.0001E-03,-04.096E+00
2020-07-10 17:40:50.935713,690,20.9,24.9,,,22.87,00.0001E-03,-04.096E+00
2020-07-10 17:40:51.173766,691,20.9,24.9,,,22.87,00.0001E-03,-04.096E+00
2020-07-10 17:40:51.426213,692,20.9,24.9,,,22.87,00.0001E-03,-04.096E+00
2020-07-10 17:40:51.667121,693,20.9,24.9,,,22.87,00.0001E-03,-04.096E+00
2020-07-10 17:40:51.928073,694,20.9,24.9,,,22.88,00.0006E-03,-04.096E+00
2020-07-10 17:40:52.167426,695,20.9,24.9,,,22.88,00.0006E-03,-04.096E+00
2020-07-10 17:40:52.436058,696,20.9,24.9,,,22.88,00.0006E-03,-04.096E+00
2020-07-10 17:40:52.676904,697,20.9,24.9,,,22.88,00.0006E-03,-04.096E+00
2020-07-10 17:40:52.948732,698,20.9,24.8,,,22.88,00.0001E-03,-04.096E+00
2020-07-10 17:40:53.174036,699,20.9,24.8,,,22.88,00.0008E-03,-04.096E+00
2020-07-10 17:40:53.456842,700,20.9,24.8,,,22.88,00.0001E-03,-04.096E+00
2020-07-10 17:40:53.672918,701,20.9,24.8,,,22.89,00.0001E-03,-04.096E+00
2020-07-10 17:40:53.926977,702,20.9,24.8,,,22.89,00.0001E-03,-04.096E+00
2020-07-10 17:40:54.174469,703,20.9,24.8,,,22.89,00.0001E-03,-04.096E+00
2020-07-10 17:40:54.443177,704,20.9,24.8,,,22.89,00.0006E-03,-04.096E+00
2020-07-10 17:40:54.693112,705,20.9,24.8,,,22.89,00.0001E-03,-04.096E+00
2020-07-10 17:40:54.935383,706,20.9,24.8,,,22.89,00.0008E-03,-04.096E+00
2020-07-10 17:40:55.204273,707,20.9,24.8,,,22.89,00.0001E-03,-04.096E+00
2020-07-10 17:40:55.433465,708,20.9,24.8,,,22.89,00.0001E-03,-04.096E+00
2020-07-10 17:40:55.710963,709,20.9,24.8,,,22.9,00.0006E-03,-04.096E+00
2020-07-10 17:40:55.933084,710,20.9,24.8,,,22.9,00.0006E-03,-04.096E+00
2020-07-10 17:40:56.186241,711,20.9,24.8,,,22.9,00.0006E-03,-04.096E+00
2020-07-10 17:40:56.433346,712,20.9,24.8,,,22.9,00.0001E-03,-04.096E+00
2020-07-10 17:40:56.688645,713,20.9,24.8,,,22.9,00.0006E-03,-04.096E+00
2020-07-10 17:40:56.941569,714,20.9,24.8,,,22.9,00.0001E-03,-04.096E+00
2020-07-10 17:40:57.187605,715,20.9,24.8,,,22.9,00.0006E-03,-04.096E+00
2020-07-10 17:40:57.451431,716,20.9,24.8,,,22.9,00.0006E-03,-04.096E+00
2020-07-10 17:40:57.692769,717,20.9,24.8,,,22.9,00.0006E-03,-04.096E+00
2020-07-10 17:40:57.963296,718,20.9,24.8,,,22.9,00.0006E-03,-04.096E+00
2020-07-10 17:40:58.185409,719,20.9,24.8,,,22.91,00.0001E-03,-04.096E+00
2020-07-10 17:40:58.481507,720,20.9,24.8,,,22.91,00.0006E-03,-04.096E+00
2020-07-10 17:40:58.691287,721,20.9,24.8,,,22.91,00.0001E-03,-04.096E+00
2020-07-10 17:40:58.989870,722,20.9,24.8,,,22.91,00.0001E-03,-04.096E+00
2020-07-10 17:40:59.199046,723,20.9,24.8,,,22.91,00.0001E-03,-04.096E+00
2020-07-10 17:40:59.472918,724,20.9,24.8,,,22.91,00.0006E-03,-04.096E+00
2020-07-10 17:40:59.702531,725,20.9,24.8,,,22.91,00.0008E-03,-04.096E+00
2020-07-10 17:40:59.945864,726,20.9,24.8,,,22.91,00.0006E-03,-04.096E+00
2020-07-10 17:41:00.206656,727,20.9,24.8,,,22.92,00.0006E-03,-04.096E+00
2020-07-10 17:41:00.464970,728,20.9,24.8,,,22.92,00.0001E-03,-04.096E+00
2020-07-10 17:41:00.727078,729,20.9,24.8,,,22.92,00.0006E-03,-04.096E+00
2020-07-10 17:41:00.960930,730,20.9,24.8,,,22.92,00.0001E-03,-04.096E+00
2020-07-10 17:41:01.232653,731,20.9,24.8,,,22.92,00.0001E-03,-04.096E+00
2020-07-10 17:41:01.455333,732,20.9,24.8,,,22.93,00.0001E-03,-04.096E+00
2020-07-10 17:41:01.697100,733,20.9,24.8,,,22.92,00.0006E-03,-04.096E+00
2020-07-10 17:41:01.947340,734,20.9,24.8,,,22.93,00.0001E-03,-04.096E+00
2020-07-10 17:41:02.198499,735,20.9,24.8,,,22.93,00.0006E-03,-04.096E+00
2020-07-10 17:41:02.457582,736,20.9,24.8,,,22.93,00.0001E-03,-04.096E+00
2020-07-10 17:41:02.704743,737,20.9,24.8,,,22.93,00.0008E-03,-04.096E+00
2020-07-10 17:41:02.973582,738,20.9,24.8,,,22.93,00.0006E-03,-04.096E+00
2020-07-10 17:41:03.213162,739,20.9,24.8,,,22.93,00.0001E-03,-04.096E+00
2020-07-10 17:41:03.479733,740,20.9,24.8,,,22.93,00.0001E-03,-04.096E+00
2020-07-10 17:41:03.703766,741,20.9,24.8,,,22.93,00.0001E-03,-04.096E+00
2020-07-10 17:41:03.989587,742,20.9,24.8,,,22.93,00.0008E-03,-04.096E+00
2020-07-10 17:41:04.205501,743,20.9,24.8,,,22.93,00.0001E-03,-04.096E+00
2020-07-10 17:41:04.497501,744,20.9,24.8,,,22.94,00.0001E-03,-04.096E+00
2020-07-10 17:41:04.706239,745,20.9,24.8,,,22.94,00.0001E-03,-04.096E+00
2020-07-10 17:41:04.973667,746,20.9,24.8,,,22.94,00.0001E-03,-04.096E+00
2020-07-10 17:41:05.222032,747,20.9,24.8,,,22.94,00.0006E-03,-04.096E+00
2020-07-10 17:41:05.471456,748,20.9,24.8,,,22.94,00.0001E-03,-04.096E+00
2020-07-10 17:41:05.728036,749,20.9,24.8,,,22.94,00.0006E-03,-04.096E+00
2020-07-10 17:41:05.963953,750,20.9,24.8,,,22.94,00.0001E-03,-04.096E+00
2020-07-10 17:41:06.243554,751,20.9,24.8,,,22.94,00.0008E-03,-04.096E+00
2020-07-10 17:41:06.469337,752,20.9,24.8,,,22.95,00.0001E-03,-04.096E+00
2020-07-10 17:41:06.748084,753,20.9,24.8,,,22.95,00.0001E-03,-04.096E+00
2020-07-10 17:41:06.973115,754,20.9,24.8,,,22.95,00.0006E-03,-04.096E+00
2020-07-10 17:41:07.220137,755,20.9,24.8,,,22.95,00.0001E-03,-04.096E+00
2020-07-10 17:41:07.480088,756,20.9,24.8,,,22.95,00.0006E-03,-04.096E+00
2020-07-10 17:41:07.719399,757,20.9,24.8,,,22.95,00.0001E-03,-04.096E+00
2020-07-10 17:41:07.974106,758,20.9,24.8,,,22.95,00.0001E-03,-04.096E+00
2020-07-10 17:41:08.222057,759,20.9,24.8,,,22.95,00.0008E-03,-04.096E+00
2020-07-10 17:41:08.489887,760,20.9,24.8,,,22.95,00.0001E-03,-04.096E+00
2020-07-10 17:41:08.724178,761,20.9,24.8,,,22.95,00.0001E-03,-04.096E+00
2020-07-10 17:41:09.002166,762,20.9,24.8,,,22.95,00.0001E-03,-04.096E+00
2020-07-10 17:41:09.226769,763,20.9,24.8,,,22.96,00.0001E-03,-04.096E+00
2020-07-10 17:41:09.502575,764,20.9,24.8,,,22.96,00.0001E-03,-04.096E+00
2020-07-10 17:41:09.729763,765,20.9,24.8,,,22.96,00.0001E-03,-04.096E+00
2020-07-10 17:41:09.971778,766,20.9,24.8,,,22.96,00.0001E-03,-04.096E+00
2020-07-10 17:41:10.221602,767,20.9,24.8,,,22.96,00.0001E-03,-04.096E+00
2020-07-10 17:41:10.480669,768,20.9,24.8,,,22.96,00.0001E-03,-04.096E+00
2020-07-10 17:41:10.736358,769,20.9,24.8,,,22.97,00.0001E-03,-04.096E+00
2020-07-10 17:41:10.983472,770,20.9,24.8,,,22.97,00.0001E-03,-04.096E+00
2020-07-10 17:41:11.239459,771,20.9,24.8,,,22.97,00.0001E-03,-04.096E+00
2020-07-10 17:41:11.486788,772,20.9,24.8,,,22.97,00.0001E-03,-04.096E+00
2020-07-10 17:41:11.748468,773,20.9,24.8,,,22.98,00.0001E-03,-04.096E+00
2020-07-10 17:41:11.981957,774,20.9,24.8,,,22.98,00.0001E-03,-04.096E+00
2020-07-10 17:41:12.257812,775,20.9,24.8,,,22.98,00.0001E-03,-04.096E+00
2020-07-10 17:41:12.487605,776,20.9,24.8,,,22.97,00.0001E-03,-04.096E+00
2020-07-10 17:41:12.766254,777,20.9,24.8,,,22.98,00.0001E-03,-04.096E+00
2020-07-10 17:41:13.018020,778,20.9,24.8,,,22.98,00.0001E-03,-04.096E+00
2020-07-10 17:41:13.234630,779,20.9,24.8,,,22.98,00.0006E-03,-04.096E+00
2020-07-10 17:41:13.489979,780,20.9,24.8,,,22.98,00.0001E-03,-04.096E+00
2020-07-10 17:41:13.734081,781,20.9,24.8,,,22.98,00.0001E-03,-04.096E+00
2020-07-10 17:41:13.998370,782,20.9,24.8,,,22.98,00.0001E-03,-04.096E+00
2020-07-10 17:41:14.244655,783,20.9,24.8,,,22.98,00.0001E-03,-04.096E+00
2020-07-10 17:41:14.512682,784,20.9,24.8,,,22.98,00.0001E-03,-04.096E+00
2020-07-10 17:41:14.742650,785,20.9,24.8,,,22.98,00.0001E-03,-04.096E+00
2020-07-10 17:41:15.017322,786,20.9,24.8,,,22.99,00.0001E-03,-04.096E+00
2020-07-10 17:41:15.243074,787,20.9,24.8,,,22.99,00.0001E-03,-04.096E+00
2020-07-10 17:41:15.525857,788,20.9,24.8,,,22.99,00.0001E-03,-04.096E+00
2020-07-10 17:41:15.746858,789,20.9,24.8,,,22.99,00.0001E-03,-04.096E+00
2020-07-10 17:41:16.026112,790,20.9,24.8,,,22.99,00.0001E-03,-04.096E+00
2020-07-10 17:41:16.248927,791,20.9,24.8,,,22.99,00.0001E-03,-04.096E+00
2020-07-10 17:41:16.497977,792,20.9,24.8,,,23.0,00.0001E-03,-04.096E+00
2020-07-10 17:41:16.747298,793,20.9,24.8,,,23.0,00.0001E-03,-04.096E+00
2020-07-10 17:41:17.004609,794,20.9,24.9,,,23.0,00.0001E-03,-04.096E+00
2020-07-10 17:41:17.251535,795,20.9,24.9,,,23.0,00.0001E-03,-04.096E+00
2020-07-10 17:41:17.498444,796,20.9,24.9,,,23.0,00.0001E-03,-04.096E+00
2020-07-10 17:41:17.762645,797,20.9,24.9,,,23.0,00.0001E-03,-04.096E+00
2020-07-10 17:41:18.002295,798,20.9,24.9,,,23.0,00.0001E-03,-04.096E+00
2020-07-10 17:41:18.269081,799,20.9,24.9,,,23.0,00.0001E-03,-04.096E+00
2020-07-10 17:41:18.514002,800,20.9,24.9,,,23.0,00.0006E-03,-04.096E+00
2020-07-10 17:41:18.781544,801,20.9,24.9,,,23.0,00.0001E-03,-04.096E+00
2020-07-10 17:41:19.016366,802,20.9,24.9,,,23.01,00.0001E-03,-04.096E+00
2020-07-10 17:41:19.250995,803,20.9,24.9,,,23.01,00.0001E-03,-04.096E+00
2020-07-10 17:41:19.513527,804,20.9,24.9,,,23.01,00.0001E-03,-04.096E+00
2020-07-10 17:41:19.755179,805,20.9,24.9,,,23.01,00.0001E-03,-04.096E+00
2020-07-10 17:41:20.019071,806,20.9,24.9,,,23.01,00.0001E-03,-04.096E+00
2020-07-10 17:41:20.254109,807,20.9,24.9,,,23.01,00.0008E-03,-04.096E+00
2020-07-10 17:41:20.521335,808,20.8,24.9,,,23.02,00.0001E-03,-04.096E+00
2020-07-10 17:41:20.757569,809,20.8,24.9,,,23.01,00.0001E-03,-04.096E+00
2020-07-10 17:41:21.034590,810,20.8,24.8,,,23.02,00.0001E-03,-04.096E+00
2020-07-10 17:41:21.262491,811,20.8,24.8,,,23.02,00.0001E-03,-04.096E+00
2020-07-10 17:41:21.541448,812,20.8,24.8,,,23.02,00.0001E-03,-04.096E+00
2020-07-10 17:41:21.760086,813,20.8,24.8,,,23.02,00.0001E-03,-04.096E+00
2020-07-10 17:41:22.013126,814,20.8,24.8,,,23.02,00.0001E-03,-04.096E+00
2020-07-10 17:41:22.263804,815,20.8,24.8,,,23.03,00.0001E-03,-04.096E+00
2020-07-10 17:41:22.517806,816,20.8,24.8,,,23.03,00.0001E-03,-04.096E+00
2020-07-10 17:41:22.774240,817,20.8,24.8,,,23.03,00.0001E-03,-04.096E+00
2020-07-10 17:41:23.023093,818,20.8,24.9,,,23.03,00.0001E-03,-04.096E+00
2020-07-10 17:41:23.283808,819,20.8,24.9,,,23.03,00.0006E-03,-04.096E+00
2020-07-10 17:41:23.519852,820,20.8,24.9,,,23.03,00.0001E-03,-04.096E+00
2020-07-10 17:41:23.796400,821,20.8,24.9,,,23.04,00.0001E-03,-04.096E+00
2020-07-10 17:41:24.018877,822,20.8,24.9,,,23.04,00.0001E-03,-04.096E+00
2020-07-10 17:41:24.305379,823,20.8,24.9,,,23.04,00.0001E-03,-04.096E+00
2020-07-10 17:41:24.523977,824,20.8,24.9,,,23.04,00.0006E-03,-04.096E+00
2020-07-10 17:41:24.764260,825,20.8,24.9,,,23.04,00.0001E-03,-04.096E+00
2020-07-10 17:41:25.024769,826,20.8,24.8,,,23.04,00.0001E-03,-04.096E+00
2020-07-10 17:41:25.272907,827,20.8,24.8,,,23.04,00.0001E-03,-04.096E+00
2020-07-10 17:41:25.578313,828,20.8,24.8,,,23.04,00.0001E-03,-04.096E+00
2020-07-10 17:41:25.775631,829,20.8,24.8,,,23.05,00.0001E-03,-04.096E+00
2020-07-10 17:41:26.045289,830,20.8,24.8,,,23.05,00.0001E-03,-04.096E+00
2020-07-10 17:41:26.274054,831,20.8,24.8,,,23.05,00.0001E-03,-04.096E+00
2020-07-10 17:41:26.554721,832,20.8,24.8,,,23.05,00.0001E-03,-04.096E+00
2020-07-10 17:41:26.771471,833,20.8,24.8,,,23.05,00.0001E-03,-04.096E+00
2020-07-10 17:41:27.064865,834,20.8,24.9,,,23.05,00.0001E-03,-04.096E+00
2020-07-10 17:41:27.274416,835,20.8,24.9,,,23.05,00.0001E-03,-04.096E+00
2020-07-10 17:41:27.567936,836,20.8,24.9,,,23.05,00.0001E-03,-04.096E+00
2020-07-10 17:41:27.783097,837,20.8,24.9,,,23.05,00.0001E-03,-04.096E+00
2020-07-10 17:41:28.028391,838,20.8,24.9,,,23.05,00.0001E-03,-04.096E+00
2020-07-10 17:41:28.280851,839,20.8,24.9,,,23.06,00.0001E-03,-04.096E+00
2020-07-10 17:41:28.533035,840,20.8,24.9,,,23.06,00.0001E-03,-04.096E+00
2020-07-10 17:41:28.800487,841,20.8,24.9,,,23.06,00.0001E-03,-04.096E+00
2020-07-10 17:41:29.038411,842,20.8,24.9,,,23.06,00.0006E-03,-04.096E+00
2020-07-10 17:41:29.306341,843,20.8,24.9,,,23.06,00.0001E-03,-04.096E+00
2020-07-10 17:41:29.534306,844,20.8,24.9,,,23.06,00.0001E-03,-04.096E+00
2020-07-10 17:41:29.808296,845,20.8,24.9,,,23.06,00.0001E-03,-04.096E+00
2020-07-10 17:41:30.038449,846,20.8,24.9,,,23.06,00.0001E-03,-04.096E+00
2020-07-10 17:41:30.321066,847,20.8,24.9,,,23.06,00.0001E-03,-04.096E+00
2020-07-10 17:41:30.541843,848,20.8,24.9,,,23.07,00.0001E-03,-04.096E+00
2020-07-10 17:41:30.788903,849,20.8,24.9,,,23.07,00.0001E-03,-04.096E+00
2020-07-10 17:41:31.119615,850,20.8,24.9,,,23.07,00.0001E-03,-04.096E+00
2020-07-10 17:41:31.296127,851,20.8,24.9,,,23.07,00.0001E-03,-04.096E+00
2020-07-10 17:41:31.681441,852,20.8,24.9,,,23.07,00.0001E-03,-04.096E+00
2020-07-10 17:41:31.782801,853,20.8,24.9,,,23.07,00.0001E-03,-04.096E+00
2020-07-10 17:41:32.058795,854,20.8,24.9,,,23.07,00.0001E-03,-04.096E+00
2020-07-10 17:41:32.288788,855,20.8,24.9,,,23.08,00.0001E-03,-04.096E+00
2020-07-10 17:41:32.571329,856,20.8,24.9,,,23.08,00.0001E-03,-04.096E+00
2020-07-10 17:41:32.787309,857,20.8,24.9,,,23.08,00.0001E-03,-04.096E+00
2020-07-10 17:41:33.081040,858,20.8,24.9,,,23.08,00.0001E-03,-04.096E+00
2020-07-10 17:41:33.292182,859,20.8,24.9,,,23.08,00.0001E-03,-04.096E+00
2020-07-10 17:41:33.550664,860,20.8,24.9,,,23.08,00.0006E-03,-04.096E+00
2020-07-10 17:41:33.845731,861,20.8,24.9,,,23.08,00.0001E-03,-04.096E+00
2020-07-10 17:41:34.057942,862,20.8,24.9,,,23.08,00.0001E-03,-04.096E+00
2020-07-10 17:41:34.333147,863,20.8,24.9,,,23.08,00.0001E-03,-04.096E+00
2020-07-10 17:41:34.553085,864,20.8,24.9,,,23.09,00.0001E-03,-04.096E+00
2020-07-10 17:41:34.827017,865,20.8,24.9,,,23.09,00.0001E-03,-04.096E+00
2020-07-10 17:41:35.058278,866,20.8,24.9,,,23.09,00.0001E-03,-04.096E+00
2020-07-10 17:41:35.339071,867,20.8,24.9,,,23.1,00.0001E-03,-04.096E+00
2020-07-10 17:41:35.556222,868,20.8,24.9,,,23.1,00.0001E-03,-04.096E+00
2020-07-10 17:41:35.852175,869,20.8,24.9,,,23.1,00.0001E-03,-04.096E+00
2020-07-10 17:41:36.051583,870,20.8,24.9,,,23.1,00.0001E-03,-04.096E+00
2020-07-10 17:41:36.316607,871,20.8,24.9,,,23.1,00.0001E-03,-04.096E+00
2020-07-10 17:41:36.560872,872,20.8,24.9,,,23.1,00.0001E-03,-04.096E+00
2020-07-10 17:41:36.808918,873,20.8,24.9,,,23.1,00.0001E-03,-04.096E+00
2020-07-10 17:41:37.059686,874,20.8,25.0,,,23.1,00.0001E-03,-04.096E+00
2020-07-10 17:41:37.308624,875,20.8,25.0,,,23.1,00.0001E-03,-04.096E+00
2020-07-10 17:41:37.576475,876,20.8,25.0,,,23.1,00.0001E-03,-04.096E+00
2020-07-10 17:41:37.808824,877,20.8,25.0,,,23.11,00.0001E-03,-04.096E+00
2020-07-10 17:41:38.126438,878,20.8,25.0,,,23.11,00.0001E-03,-04.096E+00
2020-07-10 17:41:38.326917,879,20.8,25.0,,,23.11,00.0001E-03,-04.096E+00
2020-07-10 17:41:38.592481,880,20.8,25.0,,,23.11,00.0001E-03,-04.096E+00
2020-07-10 17:41:38.805387,881,20.8,25.0,,,23.11,00.0001E-03,-04.096E+00
2020-07-10 17:41:39.100531,882,20.8,25.0,,,23.11,00.0001E-03,-04.096E+00
2020-07-10 17:41:39.309776,883,20.8,25.0,,,23.11,00.0001E-03,-04.096E+00
2020-07-10 17:41:39.568263,884,20.8,25.0,,,23.11,00.0001E-03,-04.096E+00
2020-07-10 17:41:39.818386,885,20.8,25.0,,,23.12,00.0001E-03,-04.096E+00
2020-07-10 17:41:40.069884,886,20.8,25.0,,,23.12,00.0001E-03,-04.096E+00
2020-07-10 17:41:40.327648,887,20.8,25.0,,,23.12,00.0001E-03,-04.096E+00
2020-07-10 17:41:40.583319,888,20.8,25.0,,,23.12,00.0001E-03,-04.096E+00
2020-07-10 17:41:40.849818,889,20.8,25.0,,,23.12,00.0001E-03,-04.096E+00
2020-07-10 17:41:41.066706,890,20.8,25.0,,,23.12,00.0001E-03,-04.096E+00
2020-07-10 17:41:41.374512,891,20.8,25.0,,,23.13,00.0001E-03,-04.096E+00
2020-07-10 17:41:41.604317,892,20.8,25.0,,,23.13,00.0001E-03,-04.096E+00
2020-07-10 17:41:41.867549,893,20.8,25.0,,,23.13,00.0001E-03,-04.096E+00
2020-07-10 17:41:42.120954,894,20.8,25.0,,,23.13,00.0001E-03,-04.096E+00
2020-07-10 17:41:42.340635,895,20.8,25.0,,,23.13,00.0001E-03,-04.096E+00
2020-07-10 17:41:42.575230,896,20.8,25.0,,,23.13,00.0001E-03,-04.096E+00
2020-07-10 17:41:42.842364,897,20.8,25.0,,,23.13,00.0001E-03,-04.096E+00
2020-07-10 17:41:43.083897,898,20.8,25.0,,,23.13,00.0001E-03,-04.096E+00
2020-07-10 17:41:43.317561,899,20.8,25.0,,,23.14,00.0001E-03,-04.096E+00
2020-07-10 17:41:43.611720,900,20.8,25.0,,,23.14,00.0001E-03,-04.096E+00
2020-07-10 17:41:43.842774,901,20.8,25.0,,,23.14,00.0001E-03,-04.096E+00
2020-07-10 17:41:44.097681,902,20.8,25.0,,,23.15,00.0001E-03,-04.096E+00
2020-07-10 17:41:44.345160,903,20.8,25.0,,,23.14,00.0001E-03,-04.096E+00
2020-07-10 17:41:44.626710,904,20.8,25.0,,,23.15,00.0001E-03,-04.096E+00
2020-07-10 17:41:44.857787,905,20.8,25.0,,,23.15,00.0001E-03,-04.096E+00
2020-07-10 17:41:45.134889,906,20.8,25.0,,,23.15,00.0001E-03,-04.096E+00
2020-07-10 17:41:45.342502,907,20.8,25.0,,,23.15,00.0001E-03,-04.096E+00
2020-07-10 17:41:45.585038,908,20.8,25.0,,,23.15,00.0001E-03,-04.096E+00
2020-07-10 17:41:45.856642,909,20.8,25.0,,,23.16,00.0001E-03,-04.096E+00
2020-07-10 17:41:46.078116,910,20.8,25.0,,,23.17,00.0001E-03,-04.096E+00
2020-07-10 17:41:46.374849,911,20.8,25.0,,,23.16,00.0001E-03,-04.096E+00
2020-07-10 17:41:46.597176,912,20.8,25.0,,,23.16,00.0001E-03,-04.096E+00
2020-07-10 17:41:46.854293,913,20.8,25.0,,,23.16,00.0001E-03,-04.096E+00
2020-07-10 17:41:47.122614,914,20.8,25.0,,,23.16,00.0001E-03,-04.096E+00
2020-07-10 17:41:47.421199,915,20.8,25.0,,,23.17,00.0001E-03,-04.096E+00
2020-07-10 17:41:47.609834,916,20.8,25.0,,,23.17,00.0001E-03,-04.096E+00
2020-07-10 17:41:47.880100,917,20.8,25.0,,,23.17,00.0001E-03,-04.096E+00
2020-07-10 17:41:48.111764,918,20.8,25.0,,,23.17,00.0001E-03,-04.096E+00
2020-07-10 17:41:48.369840,919,20.8,25.0,,,23.17,00.0006E-03,-04.096E+00
2020-07-10 17:41:48.611652,920,20.8,25.0,,,23.18,00.0001E-03,-04.096E+00
2020-07-10 17:41:48.857200,921,20.8,25.0,,,23.18,00.0001E-03,-04.096E+00
2020-07-10 17:41:49.098571,922,20.8,24.9,,,23.18,00.0001E-03,-04.096E+00
2020-07-10 17:41:49.359932,923,20.8,24.9,,,23.19,00.0001E-03,-04.096E+00
2020-07-10 17:41:49.631678,924,20.8,24.9,,,23.19,00.0001E-03,-04.096E+00
2020-07-10 17:41:49.863865,925,20.8,24.9,,,23.19,00.0001E-03,-04.096E+00
2020-07-10 17:41:50.167258,926,20.8,24.9,,,23.2,00.0001E-03,-04.096E+00
2020-07-10 17:41:50.344705,927,20.8,24.9,,,23.19,00.0001E-03,-04.096E+00
2020-07-10 17:41:50.678126,928,20.8,24.9,,,23.2,00.0001E-03,-04.096E+00
2020-07-10 17:41:50.873689,929,20.8,24.9,,,23.2,00.0001E-03,-04.096E+00
2020-07-10 17:41:51.122429,930,20.8,24.9,,,23.2,00.0001E-03,-04.096E+00
2020-07-10 17:41:51.401305,931,20.8,24.9,,,23.2,00.0001E-03,-04.096E+00
2020-07-10 17:41:51.624326,932,20.8,24.9,,,23.2,00.0001E-03,-04.096E+00
2020-07-10 17:41:51.881102,933,20.8,24.9,,,23.2,00.0001E-03,-04.096E+00
2020-07-10 17:41:52.102571,934,20.8,24.9,,,23.2,00.0001E-03,-04.096E+00
2020-07-10 17:41:52.373264,935,20.8,24.9,,,23.2,00.0001E-03,-04.096E+00
2020-07-10 17:41:52.623950,936,20.8,24.9,,,23.21,00.0001E-03,-04.096E+00
2020-07-10 17:41:52.903111,937,20.8,24.9,,,23.21,00.0001E-03,-04.096E+00
2020-07-10 17:41:53.147495,938,20.8,24.9,,,23.21,00.0001E-03,-04.096E+00
2020-07-10 17:41:53.388520,939,20.8,24.9,,,23.21,00.0001E-03,-04.096E+00
2020-07-10 17:41:53.610153,940,20.8,24.9,,,23.21,00.0001E-03,-04.096E+00
2020-07-10 17:41:53.876317,941,20.8,24.9,,,23.21,00.0001E-03,-04.096E+00
2020-07-10 17:41:54.129449,942,20.8,24.9,,,23.21,00.0001E-03,-04.096E+00
2020-07-10 17:41:54.384623,943,20.8,24.9,,,23.21,00.0001E-03,-04.096E+00
2020-07-10 17:41:54.636147,944,20.8,24.9,,,23.22,00.0001E-03,-04.096E+00
2020-07-10 17:41:54.863336,945,20.8,24.9,,,23.22,00.0001E-03,-04.096E+00
2020-07-10 17:41:55.146915,946,20.8,24.9,,,23.22,00.0001E-03,-04.096E+00
2020-07-10 17:41:55.358160,947,20.8,24.9,,,23.22,00.0001E-03,-04.096E+00
2020-07-10 17:41:55.636533,948,20.8,24.9,,,23.22,00.0001E-03,-04.096E+00
2020-07-10 17:41:55.885719,949,20.8,24.9,,,23.22,00.0001E-03,-04.096E+00
2020-07-10 17:41:56.162885,950,20.8,24.9,,,23.22,00.0001E-03,-04.096E+00
2020-07-10 17:41:56.388773,951,20.8,24.9,,,23.22,00.0001E-03,-04.096E+00
2020-07-10 17:41:56.672511,952,20.8,24.9,,,23.22,00.0001E-03,-04.096E+00
2020-07-10 17:41:56.891303,953,20.8,24.9,,,23.22,00.0001E-03,-04.096E+00
2020-07-10 17:41:57.180084,954,20.8,24.9,,,23.22,00.0001E-03,-04.096E+00
2020-07-10 17:41:57.428783,955,20.8,24.9,,,23.23,00.0001E-03,-04.096E+00
2020-07-10 17:41:57.641746,956,20.8,24.9,,,23.23,00.0001E-03,-04.096E+00
2020-07-10 17:41:57.899771,957,20.8,24.9,,,23.23,00.0001E-03,-04.096E+00
2020-07-10 17:41:58.140959,958,20.8,24.9,,,23.23,00.0001E-03,-04.096E+00
2020-07-10 17:41:58.373321,959,20.8,24.9,,,23.23,00.0001E-03,-04.096E+00
2020-07-10 17:41:58.641548,960,20.8,24.9,,,23.23,00.0001E-03,-04.096E+00
2020-07-10 17:41:58.909815,961,20.8,24.9,,,23.23,00.0001E-03,-04.096E+00
2020-07-10 17:41:59.148303,962,20.8,24.9,,,23.23,00.0001E-03,-04.096E+00
2020-07-10 17:41:59.463566,963,20.8,24.9,,,23.23,00.0001E-03,-04.096E+00
2020-07-10 17:41:59.624541,964,20.8,24.9,,,23.23,00.0001E-03,-04.096E+00
2020-07-10 17:41:59.944866,965,20.8,24.9,,,23.23,00.0001E-03,-04.096E+00
2020-07-10 17:42:00.141439,966,20.8,24.9,,,23.23,00.0001E-03,-04.096E+00
2020-07-10 17:42:00.410312,967,20.8,24.9,,,23.24,00.0001E-03,-04.096E+00
2020-07-10 17:42:00.658284,968,20.8,24.9,,,23.24,00.0001E-03,-04.096E+00
2020-07-10 17:42:00.899061,969,20.8,24.9,,,23.24,00.0001E-03,-04.096E+00
2020-07-10 17:42:01.151964,970,20.8,24.9,,,23.24,00.0001E-03,-04.096E+00
2020-07-10 17:42:01.400175,971,20.8,24.9,,,23.24,00.0001E-03,-04.096E+00
2020-07-10 17:42:01.653278,972,20.8,24.9,,,23.24,00.0001E-03,-04.096E+00
2020-07-10 17:42:01.878508,973,20.8,24.9,,,23.25,00.0001E-03,-04.096E+00
2020-07-10 17:42:02.161594,974,20.8,24.9,,,23.25,00.0001E-03,-04.096E+00
2020-07-10 17:42:02.426690,975,20.8,24.9,,,23.25,00.0001E-03,-04.096E+00
2020-07-10 17:42:02.678677,976,20.8,24.9,,,23.25,00.0001E-03,-04.096E+00
2020-07-10 17:42:02.907762,977,20.8,24.9,,,23.25,00.0001E-03,-04.096E+00
2020-07-10 17:42:03.226892,978,20.8,24.9,,,23.25,00.0001E-03,-04.096E+00
2020-07-10 17:42:03.418801,979,20.8,24.9,,,23.25,00.0008E-03,-04.096E+00
2020-07-10 17:42:03.672264,980,20.8,24.9,,,23.25,00.0001E-03,-04.096E+00
2020-07-10 17:42:03.912122,981,20.8,24.9,,,23.25,00.0001E-03,-04.096E+00
2020-07-10 17:42:04.141777,982,20.8,24.9,,,23.25,00.0001E-03,-04.096E+00
2020-07-10 17:42:04.406360,983,20.8,24.9,,,23.26,00.0001E-03,-04.096E+00
2020-07-10 17:42:04.646867,984,20.8,24.9,,,23.26,00.0001E-03,-04.096E+00
2020-07-10 17:42:04.900150,985,20.8,24.9,,,23.26,00.0001E-03,-04.096E+00
2020-07-10 17:42:05.170367,986,20.8,24.9,,,23.27,00.0001E-03,-04.096E+00
2020-07-10 17:42:05.399911,987,20.8,24.9,,,23.27,00.0001E-03,-04.096E+00
2020-07-10 17:42:05.669261,988,20.8,24.9,,,23.27,00.0008E-03,-04.096E+00
2020-07-10 17:42:05.932166,989,20.8,24.9,,,23.27,00.0001E-03,-04.096E+00
2020-07-10 17:42:06.142943,990,20.8,24.9,,,23.27,00.0001E-03,-04.096E+00
2020-07-10 17:42:06.420157,991,20.8,24.9,,,23.27,00.0001E-03,-04.096E+00
2020-07-10 17:42:06.674578,992,20.8,24.9,,,23.27,00.0001E-03,-04.096E+00
2020-07-10 17:42:06.946649,993,20.8,24.9,,,23.28,00.0001E-03,-04.096E+00
2020-07-10 17:42:07.178347,994,20.8,24.9,,,23.28,00.0001E-03,-04.096E+00
2020-07-10 17:42:07.395475,995,20.8,24.9,,,23.28,00.0001E-03,-04.096E+00
2020-07-10 17:42:07.678102,996,20.8,24.9,,,23.28,00.0001E-03,-04.096E+00
2020-07-10 17:42:07.916907,997,20.8,24.9,,,23.28,00.0001E-03,-04.096E+00
2020-07-10 17:42:08.171576,998,20.8,24.9,,,23.28,00.0001E-03,-04.096E+00
2020-07-10 17:42:08.429551,999,20.8,24.9,,,23.29,00.0001E-03,-04.096E+00
